fixture,status,changed_keys,classification,r4,r4_1
INJ-BOTH-FAIL,IDENTICAL,,,,
INJ-C1-FAIL,IDENTICAL,,,,
INJ-C2-FLOOR-FAIL,IDENTICAL,,,,
INJ-C2-MARGIN-FAIL,IDENTICAL,,,,
INJ-C3-FAIL,IDENTICAL,,,,
INJ-C3-PHI-UNDEF,IDENTICAL,,,,
INJ-C4A-FAIL,IDENTICAL,,,,
INJ-C4B-FAIL,IDENTICAL,,,,
INJ-C4B-FLOOR-FAIL,IDENTICAL,,,,
INJ-C4B-NOREF,IDENTICAL,,,,
INJ-C5-FAIL,IDENTICAL,,,,
INJ-DP04-4A,IDENTICAL,,,,
INJ-DP04-4B,IDENTICAL,,,,
INJ-DP04-C1,IDENTICAL,,,,
INJ-DP04-C2-DIVERGE,IDENTICAL,,,,
INJ-DP04-C3,IDENTICAL,,,,
INJ-DP04-C5,IDENTICAL,,,,
INJ-DP04-EMPTY-U,IDENTICAL,,,,
INJ-DP04-TERMINAL,IDENTICAL,,,,
INJ-NAN-STAT,IDENTICAL,,,,
INJ-NAN-STAT-C4B,IDENTICAL,,,,
INJ-NAN-STAT-C5,IDENTICAL,,,,
INJ-NAN-STAT-SPL,IDENTICAL,,,,
INJ-ONLY-P01,IDENTICAL,,,,
INJ-P03-BOTHFAIL-C4PENDING,IDENTICAL,,,,
INJ-P03-C4PENDING-C5FAIL,IDENTICAL,,,,
INJ-SEX-SPLIT,IDENTICAL,,,,
INJ-U-CCFALSE-FINITE,IDENTICAL,,,,
INJ-U-POST-CONSTRUCTION-INVALID,CHANGED,stops,EXPECTED_R4A03,"{""stops"": [{""fixture"": ""INJ-U-POST-CONSTRUCTION-INVALID"", ""level"": ""C2"", ""member"": 0, ""offending_pairs"": [{""fitter"": ""P01"", ""observation"": 0}, {""fitter"": ""P01"", ""observation"": 0}, {""fitter"": ""P01"", ""observation"": 0}, {""fitter"": ""P01"", ""observation"": 0}], ""sex"": ""F"", ""stop"": ""CONTRACT_VIOLATION_INCONSISTENT_U""}]}","{""stops"": [{""fixture"": ""INJ-U-POST-CONSTRUCTION-INVALID"", ""level"": ""C2"", ""member"": 0, ""offending_pairs"": [{""fitter"": ""P01"", ""observation"": 0, ""sex"": ""F""}, {""fitter"": ""P01"", ""observation"": 0, ""sex"": ""M""}], ""sex"": ""F"", ""stop"": ""CONTRACT_VIOLATION_INCONSISTENT_U""}]}"
INJ-U2-RHO-INVALID,IDENTICAL,,,,
INJ-U5-C2-INDEPENDENT,IDENTICAL,,,,
INJ-U5-SST-INVALID,IDENTICAL,,,,
SCEN-A,IDENTICAL,,,,
SCEN-B,IDENTICAL,,,,
INJ-SPL-PENDING-FOLD,NEW_IN_R4-1,,R4A-01 fixture (no r4 counterpart),,"{""criteria"": {""P01"": {""C1"": {""F"": {""passed"": true, ""stat"": ""0x1.0000000000000p+0"", ""threshold"": ""0x1.ccccccccccccdp-1""}, ""M"": {""passed"": true, ""stat"": ""0x1.0000000000000p+0"", ""threshold"": ""0x1.ccccccccccccdp-1""}}, ""C2"": {""F"": {""status"": ""STOP_EXACTNESS_PENDING(TEST_ONLY_INJECTED)""}, ""M"": {""n_valid"": 10, ""passed"": true, ""share"": ""0x1.0000000000000p+0"", ""spline_stat"": ""0x1.d1eb851eb851fp-1"", ""stat"": ""0x1.e666666666666p-1"", ""threshold_FIXTURE_ONLY"": ""0x1.b851eb851eb85p-1"", ""undefined"": false}}, ""C3"": {""F"": {""n_valid"": 10, ""passed"": true, ""share"": ""0x1.0000000000000p+0"", ""spline_stat"": ""0x1.c28f5c28f5c29p-4"", ""stat"": ""0x1.999999999999ap-4"", ""threshold_FIXTURE_ONLY"": ""0x1.47ae147ae147bp-3"", ""undefined"": false}, ""M"": {""n_valid"": 10, ""passed"": true, ""share"": ""0x1.0000000000000p+0"", ""spline_stat"": ""0x1.c28f5c28f5c29p-4"", ""stat"": ""0x1.999999999999ap-4"", ""threshold_FIXTURE_ONLY"": ""0x1.47ae147ae147bp-3"", ""undefined"": false}}, ""C4a"": {""F"": {""passed"": true, ""stat"": ""0x1.0000000000000p+0"", ""threshold"": ""0x1.b333333333333p-1""}, ""M"": {""passed"": true, ""stat"": ""0x1.0000000000000p+0"", ""threshold"": ""0x1.b333333333333p-1""}}, ""C4b"": {""F"": {""n_valid"": 10, ""passed"": true, ""share"": ""0x1.0000000000000p+0"", ""spline_stat"": ""0x1.ae147ae147ae1p-3"", ""stat"": ""0x1.999999999999ap-3"", ""threshold_FIXTURE_ONLY"": ""0x1.3d70a3d70a3d7p-2"", ""undefined"": false}, ""M"": {""n_valid"": 10, ""passed"": true, ""share"": ""0x1.0000000000000p+0"", ""spline_stat"": ""0x1.ae147ae147ae1p-3"", ""stat"": ""0x1.999999999999ap-3"", ""threshold_FIXTURE_ONLY"": ""0x1.3d70a3d70a3d7p-2"", ""undefined"": false}}, ""C5"": {""F"": {""passed"": true, ""share"": ""0x1.0000000000000p+0"", ""stat"": ""0x1.999999999999ap-5"", ""threshold"": ""0x1.999999999999ap-4"", ""undefined"": false}, ""M"": {""passed"": true, ""share"": ""0x1.0000000000000p+0"", ""stat"": ""0x1.999999999999ap-5"", ""threshold"": ""0x1.999999999999ap-4"", ""undefined"": false}}, ""C6"": {""F"": {""passed"": true, ""stat"": ""0x1.0000000000000p+2"", ""threshold"": ""0x1.0000000000000p+3""}, ""M"": {""passed"": true, ""stat"": ""0x1.0000000000000p+2"", ""threshold"": ""0x1.0000000000000p+3""}}}, ""P02"": {""C1"": {""F"": {""passed"": true, ""stat"": ""0x1.0000000000000p+0"", ""threshold"": ""0x1.ccccccccccccdp-1""}, ""M"": {""passed"": true, ""stat"": ""0x1.0000000000000p+0"", ""threshold"": ""0x1.ccccccccccccdp-1""}}, ""C2"": {""F"": {""status"": ""STOP_EXACTNESS_PENDING(TEST_ONLY_INJECTED)""}, ""M"": {""n_valid"": 10, ""passed"": true, ""share"": ""0x1.0000000000000p+0"", ""spline_stat"": ""0x1.d1eb851eb851fp-1"", ""stat"": ""0x1.e147ae147ae14p-1"", ""threshold_FIXTURE_ONLY"": ""0x1.b851eb851eb85p-1"", ""undefined"": false}}, ""C3"": {""F"": {""n_valid"": 10, ""passed"": true, ""share"": ""0x1.0000000000000p+0"", ""spline_stat"": ""0x1.c28f5c28f5c29p-4"", ""stat"": ""0x1.c28f5c28f5c29p-4"", ""threshold_FIXTURE_ONLY"": ""0x1.47ae147ae147bp-3"", ""undefined"": false}, ""M"": {""n_valid"": 10, ""passed"": true, ""share"": ""0x1.0000000000000p+0"", ""spline_stat"": ""0x1.c28f5c28f5c29p-4"", ""stat"": ""0x1.c28f5c28f5c29p-4"", ""threshold_FIXTURE_ONLY"": ""0x1.47ae147ae147bp-3"", ""undefined"": false}}, ""C4a"": {""F"": {""passed"": true, ""stat"": ""0x1.0000000000000p+0"", ""threshold"": ""0x1.b333333333333p-1""}, ""M"": {""passed"": true, ""stat"": ""0x1.0000000000000p+0"", ""threshold"": ""0x1.b333333333333p-1""}}, ""C4b"": {""F"": {""n_valid"": 10, ""passed"": true, ""share"": ""0x1.0000000000000p+0"", ""spline_stat"": ""0x1.ae147ae147ae1p-3"", ""stat"": ""0x1.c28f5c28f5c29p-3"", ""threshold_FIXTURE_ONLY"": ""0x1.3d70a3d70a3d7p-2"", ""undefined"": false}, ""M"": {""n_valid"": 10, ""passed"": true, ""share"": ""0x1.0000000000000p+0"", ""spline_stat"": ""0x1.ae147ae147ae1p-3"", ""stat"": ""0x1.c28f5c28f5c29p-3"", ""threshold_FIXTURE_ONLY"": ""0x1.3d70a3d70a3d7p-2"", ""undefined"": false}}, ""C5"": {""F"": {""passed"": true, ""share"": ""0x1.0000000000000p+0"", ""stat"": ""0x1.eb851eb851eb8p-5"", ""threshold"": ""0x1.999999999999ap-4"", ""undefined"": false}, ""M"": {""passed"": true, ""share"": ""0x1.0000000000000p+0"", ""stat"": ""0x1.eb851eb851eb8p-5"", ""threshold"": ""0x1.999999999999ap-4"", ""undefined"": false}}, ""C6"": {""F"": {""passed"": true, ""stat"": ""0x1.0000000000000p+2"", ""threshold"": ""0x1.0000000000000p+3""}, ""M"": {""passed"": true, ""stat"": ""0x1.0000000000000p+2"", ""threshold"": ""0x1.0000000000000p+3""}}}}, ""disc"": {""F:P01:C2"": {""size"": 0, ""spline_stat"": null}, ""F:P01:C3"": {""size"": 0, ""spline_stat"": null}, ""F:P01:C4b"": {""size"": 0, ""spline_stat"": null}, ""F:P02:C2"": {""size"": 0, ""spline_stat"": null}, ""F:P02:C3"": {""size"": 0, ""spline_stat"": null}, ""F:P02:C4b"": {""size"": 0, ""spline_stat"": null}, ""M:P01:C2"": {""size"": 0, ""spline_stat"": null}, ""M:P01:C3"": {""size"": 0, ""spline_stat"": null}, ""M:P01:C4b"": {""size"": 0, ""spline_stat"": null}, ""M:P02:C2"": {""size"": 0, ""spline_stat"": null}, ""M:P02:C3"": {""size"": 0, ""spline_stat"": null}, ""M:P02:C4b"": {""size"": 0, ""spline_stat"": null}}, ""dp04"": null, ""mechanism_outcome"": ""MECHANISM_UNDETERMINED_PENDING_EXACTNESS(TEST_ONLY_INJECTED)"", ""p03"": {""P01"": ""PENDING"", ""P02"": ""PENDING""}, ""stops"": []}"
INJ-SPL-PENDING-FULL,NEW_IN_R4-1,,R4A-01 fixture (no r4 counterpart),,"{""criteria"": {""P01"": {""C1"": {""F"": {""passed"": true, ""stat"": ""0x1.0000000000000p+0"", ""threshold"": ""0x1.ccccccccccccdp-1""}, ""M"": {""passed"": true, ""stat"": ""0x1.0000000000000p+0"", ""threshold"": ""0x1.ccccccccccccdp-1""}}, ""C2"": {""F"": {""n_valid"": 10, ""passed"": true, ""share"": ""0x1.0000000000000p+0"", ""spline_stat"": ""0x1.d1eb851eb851fp-1"", ""stat"": ""0x1.e666666666666p-1"", ""threshold_FIXTURE_ONLY"": ""0x1.b851eb851eb85p-1"", ""undefined"": false}, ""M"": {""n_valid"": 10, ""passed"": true, ""share"": ""0x1.0000000000000p+0"", ""spline_stat"": ""0x1.d1eb851eb851fp-1"", ""stat"": ""0x1.e666666666666p-1"", ""threshold_FIXTURE_ONLY"": ""0x1.b851eb851eb85p-1"", ""undefined"": false}}, ""C3"": {""F"": {""status"": ""STOP_EXACTNESS_PENDING(TEST_ONLY_INJECTED)""}, ""M"": {""n_valid"": 10, ""passed"": true, ""share"": ""0x1.0000000000000p+0"", ""spline_stat"": ""0x1.c28f5c28f5c29p-4"", ""stat"": ""0x1.999999999999ap-4"", ""threshold_FIXTURE_ONLY"": ""0x1.47ae147ae147bp-3"", ""undefined"": false}}, ""C4a"": {""F"": {""passed"": true, ""stat"": ""0x1.0000000000000p+0"", ""threshold"": ""0x1.b333333333333p-1""}, ""M"": {""passed"": true, ""stat"": ""0x1.0000000000000p+0"", ""threshold"": ""0x1.b333333333333p-1""}}, ""C4b"": {""F"": {""status"": ""STOP_EXACTNESS_PENDING(TEST_ONLY_INJECTED)""}, ""M"": {""n_valid"": 10, ""passed"": true, ""share"": ""0x1.0000000000000p+0"", ""spline_stat"": ""0x1.ae147ae147ae1p-3"", ""stat"": ""0x1.999999999999ap-3"", ""threshold_FIXTURE_ONLY"": ""0x1.3d70a3d70a3d7p-2"", ""undefined"": false}}, ""C5"": {""F"": {""passed"": true, ""share"": ""0x1.0000000000000p+0"", ""stat"": ""0x1.999999999999ap-5"", ""threshold"": ""0x1.999999999999ap-4"", ""undefined"": false}, ""M"": {""passed"": true, ""share"": ""0x1.0000000000000p+0"", ""stat"": ""0x1.999999999999ap-5"", ""threshold"": ""0x1.999999999999ap-4"", ""undefined"": false}}, ""C6"": {""F"": {""passed"": true, ""stat"": ""0x1.0000000000000p+2"", ""threshold"": ""0x1.0000000000000p+3""}, ""M"": {""passed"": true, ""stat"": ""0x1.0000000000000p+2"", ""threshold"": ""0x1.0000000000000p+3""}}}, ""P02"": {""C1"": {""F"": {""passed"": true, ""stat"": ""0x1.0000000000000p+0"", ""threshold"": ""0x1.ccccccccccccdp-1""}, ""M"": {""passed"": true, ""stat"": ""0x1.0000000000000p+0"", ""threshold"": ""0x1.ccccccccccccdp-1""}}, ""C2"": {""F"": {""n_valid"": 10, ""passed"": true, ""share"": ""0x1.0000000000000p+0"", ""spline_stat"": ""0x1.d1eb851eb851fp-1"", ""stat"": ""0x1.e147ae147ae14p-1"", ""threshold_FIXTURE_ONLY"": ""0x1.b851eb851eb85p-1"", ""undefined"": false}, ""M"": {""n_valid"": 10, ""passed"": true, ""share"": ""0x1.0000000000000p+0"", ""spline_stat"": ""0x1.d1eb851eb851fp-1"", ""stat"": ""0x1.e147ae147ae14p-1"", ""threshold_FIXTURE_ONLY"": ""0x1.b851eb851eb85p-1"", ""undefined"": false}}, ""C3"": {""F"": {""status"": ""STOP_EXACTNESS_PENDING(TEST_ONLY_INJECTED)""}, ""M"": {""n_valid"": 10, ""passed"": true, ""share"": ""0x1.0000000000000p+0"", ""spline_stat"": ""0x1.c28f5c28f5c29p-4"", ""stat"": ""0x1.c28f5c28f5c29p-4"", ""threshold_FIXTURE_ONLY"": ""0x1.47ae147ae147bp-3"", ""undefined"": false}}, ""C4a"": {""F"": {""passed"": true, ""stat"": ""0x1.0000000000000p+0"", ""threshold"": ""0x1.b333333333333p-1""}, ""M"": {""passed"": true, ""stat"": ""0x1.0000000000000p+0"", ""threshold"": ""0x1.b333333333333p-1""}}, ""C4b"": {""F"": {""status"": ""STOP_EXACTNESS_PENDING(TEST_ONLY_INJECTED)""}, ""M"": {""n_valid"": 10, ""passed"": true, ""share"": ""0x1.0000000000000p+0"", ""spline_stat"": ""0x1.ae147ae147ae1p-3"", ""stat"": ""0x1.c28f5c28f5c29p-3"", ""threshold_FIXTURE_ONLY"": ""0x1.3d70a3d70a3d7p-2"", ""undefined"": false}}, ""C5"": {""F"": {""passed"": true, ""share"": ""0x1.0000000000000p+0"", ""stat"": ""0x1.eb851eb851eb8p-5"", ""threshold"": ""0x1.999999999999ap-4"", ""undefined"": false}, ""M"": {""passed"": true, ""share"": ""0x1.0000000000000p+0"", ""stat"": ""0x1.eb851eb851eb8p-5"", ""threshold"": ""0x1.999999999999ap-4"", ""undefined"": false}}, ""C6"": {""F"": {""passed"": true, ""stat"": ""0x1.0000000000000p+2"", ""threshold"": ""0x1.0000000000000p+3""}, ""M"": {""passed"": true, ""stat"": ""0x1.0000000000000p+2"", ""threshold"": ""0x1.0000000000000p+3""}}}}, ""disc"": {""F:P01:C2"": {""size"": 0, ""spline_stat"": null}, ""F:P01:C3"": {""size"": 0, ""spline_stat"": null}, ""F:P01:C4b"": {""size"": 0, ""spline_stat"": null}, ""F:P02:C2"": {""size"": 0, ""spline_stat"": null}, ""F:P02:C3"": {""size"": 0, ""spline_stat"": null}, ""F:P02:C4b"": {""size"": 0, ""spline_stat"": null}, ""M:P01:C2"": {""size"": 0, ""spline_stat"": null}, ""M:P01:C3"": {""size"": 0, ""spline_stat"": null}, ""M:P01:C4b"": {""size"": 0, ""spline_stat"": null}, ""M:P02:C2"": {""size"": 0, ""spline_stat"": null}, ""M:P02:C3"": {""size"": 0, ""spline_stat"": null}, ""M:P02:C4b"": {""size"": 0, ""spline_stat"": null}}, ""dp04"": null, ""mechanism_outcome"": ""MECHANISM_UNDETERMINED_PENDING_EXACTNESS(TEST_ONLY_INJECTED)"", ""p03"": {""P01"": ""PENDING"", ""P02"": ""PENDING""}, ""stops"": []}"
INJ-SPL-PENDING-PROBE,NEW_IN_R4-1,,R4A-01 fixture (no r4 counterpart),,"{""criteria"": {""P01"": {""C1"": {""F"": {""passed"": true, ""stat"": ""0x1.0000000000000p+0"", ""threshold"": ""0x1.ccccccccccccdp-1""}, ""M"": {""passed"": true, ""stat"": ""0x1.0000000000000p+0"", ""threshold"": ""0x1.ccccccccccccdp-1""}}, ""C2"": {""F"": {""n_valid"": 10, ""passed"": true, ""share"": ""0x1.0000000000000p+0"", ""spline_stat"": ""0x1.d1eb851eb851fp-1"", ""stat"": ""0x1.e666666666666p-1"", ""threshold_FIXTURE_ONLY"": ""0x1.b851eb851eb85p-1"", ""undefined"": false}, ""M"": {""n_valid"": 10, ""passed"": true, ""share"": ""0x1.0000000000000p+0"", ""spline_stat"": ""0x1.d1eb851eb851fp-1"", ""stat"": ""0x1.e666666666666p-1"", ""threshold_FIXTURE_ONLY"": ""0x1.b851eb851eb85p-1"", ""undefined"": false}}, ""C3"": {""F"": {""n_valid"": 10, ""passed"": true, ""share"": ""0x1.0000000000000p+0"", ""spline_stat"": ""0x1.c28f5c28f5c29p-4"", ""stat"": ""0x1.999999999999ap-4"", ""threshold_FIXTURE_ONLY"": ""0x1.47ae147ae147bp-3"", ""undefined"": false}, ""M"": {""n_valid"": 10, ""passed"": true, ""share"": ""0x1.0000000000000p+0"", ""spline_stat"": ""0x1.c28f5c28f5c29p-4"", ""stat"": ""0x1.999999999999ap-4"", ""threshold_FIXTURE_ONLY"": ""0x1.47ae147ae147bp-3"", ""undefined"": false}}, ""C4a"": {""F"": {""passed"": true, ""stat"": ""0x1.0000000000000p+0"", ""threshold"": ""0x1.b333333333333p-1""}, ""M"": {""passed"": true, ""stat"": ""0x1.0000000000000p+0"", ""threshold"": ""0x1.b333333333333p-1""}}, ""C4b"": {""F"": {""status"": ""STOP_EXACTNESS_PENDING(TEST_ONLY_INJECTED)""}, ""M"": {""n_valid"": 10, ""passed"": true, ""share"": ""0x1.0000000000000p+0"", ""spline_stat"": ""0x1.ae147ae147ae1p-3"", ""stat"": ""0x1.999999999999ap-3"", ""threshold_FIXTURE_ONLY"": ""0x1.3d70a3d70a3d7p-2"", ""undefined"": false}}, ""C5"": {""F"": {""passed"": true, ""share"": ""0x1.0000000000000p+0"", ""stat"": ""0x1.999999999999ap-5"", ""threshold"": ""0x1.999999999999ap-4"", ""undefined"": false}, ""M"": {""passed"": true, ""share"": ""0x1.0000000000000p+0"", ""stat"": ""0x1.999999999999ap-5"", ""threshold"": ""0x1.999999999999ap-4"", ""undefined"": false}}, ""C6"": {""F"": {""passed"": true, ""stat"": ""0x1.0000000000000p+2"", ""threshold"": ""0x1.0000000000000p+3""}, ""M"": {""passed"": true, ""stat"": ""0x1.0000000000000p+2"", ""threshold"": ""0x1.0000000000000p+3""}}}, ""P02"": {""C1"": {""F"": {""passed"": true, ""stat"": ""0x1.0000000000000p+0"", ""threshold"": ""0x1.ccccccccccccdp-1""}, ""M"": {""passed"": true, ""stat"": ""0x1.0000000000000p+0"", ""threshold"": ""0x1.ccccccccccccdp-1""}}, ""C2"": {""F"": {""n_valid"": 10, ""passed"": true, ""share"": ""0x1.0000000000000p+0"", ""spline_stat"": ""0x1.d1eb851eb851fp-1"", ""stat"": ""0x1.e147ae147ae14p-1"", ""threshold_FIXTURE_ONLY"": ""0x1.b851eb851eb85p-1"", ""undefined"": false}, ""M"": {""n_valid"": 10, ""passed"": true, ""share"": ""0x1.0000000000000p+0"", ""spline_stat"": ""0x1.d1eb851eb851fp-1"", ""stat"": ""0x1.e147ae147ae14p-1"", ""threshold_FIXTURE_ONLY"": ""0x1.b851eb851eb85p-1"", ""undefined"": false}}, ""C3"": {""F"": {""n_valid"": 10, ""passed"": true, ""share"": ""0x1.0000000000000p+0"", ""spline_stat"": ""0x1.c28f5c28f5c29p-4"", ""stat"": ""0x1.c28f5c28f5c29p-4"", ""threshold_FIXTURE_ONLY"": ""0x1.47ae147ae147bp-3"", ""undefined"": false}, ""M"": {""n_valid"": 10, ""passed"": true, ""share"": ""0x1.0000000000000p+0"", ""spline_stat"": ""0x1.c28f5c28f5c29p-4"", ""stat"": ""0x1.c28f5c28f5c29p-4"", ""threshold_FIXTURE_ONLY"": ""0x1.47ae147ae147bp-3"", ""undefined"": false}}, ""C4a"": {""F"": {""passed"": true, ""stat"": ""0x1.0000000000000p+0"", ""threshold"": ""0x1.b333333333333p-1""}, ""M"": {""passed"": true, ""stat"": ""0x1.0000000000000p+0"", ""threshold"": ""0x1.b333333333333p-1""}}, ""C4b"": {""F"": {""status"": ""STOP_EXACTNESS_PENDING(TEST_ONLY_INJECTED)""}, ""M"": {""n_valid"": 10, ""passed"": true, ""share"": ""0x1.0000000000000p+0"", ""spline_stat"": ""0x1.ae147ae147ae1p-3"", ""stat"": ""0x1.c28f5c28f5c29p-3"", ""threshold_FIXTURE_ONLY"": ""0x1.3d70a3d70a3d7p-2"", ""undefined"": false}}, ""C5"": {""F"": {""passed"": true, ""share"": ""0x1.0000000000000p+0"", ""stat"": ""0x1.eb851eb851eb8p-5"", ""threshold"": ""0x1.999999999999ap-4"", ""undefined"": false}, ""M"": {""passed"": true, ""share"": ""0x1.0000000000000p+0"", ""stat"": ""0x1.eb851eb851eb8p-5"", ""threshold"": ""0x1.999999999999ap-4"", ""undefined"": false}}, ""C6"": {""F"": {""passed"": true, ""stat"": ""0x1.0000000000000p+2"", ""threshold"": ""0x1.0000000000000p+3""}, ""M"": {""passed"": true, ""stat"": ""0x1.0000000000000p+2"", ""threshold"": ""0x1.0000000000000p+3""}}}}, ""disc"": {""F:P01:C2"": {""size"": 0, ""spline_stat"": null}, ""F:P01:C3"": {""size"": 0, ""spline_stat"": null}, ""F:P01:C4b"": {""size"": 0, ""spline_stat"": null}, ""F:P02:C2"": {""size"": 0, ""spline_stat"": null}, ""F:P02:C3"": {""size"": 0, ""spline_stat"": null}, ""F:P02:C4b"": {""size"": 0, ""spline_stat"": null}, ""M:P01:C2"": {""size"": 0, ""spline_stat"": null}, ""M:P01:C3"": {""size"": 0, ""spline_stat"": null}, ""M:P01:C4b"": {""size"": 0, ""spline_stat"": null}, ""M:P02:C2"": {""size"": 0, ""spline_stat"": null}, ""M:P02:C3"": {""size"": 0, ""spline_stat"": null}, ""M:P02:C4b"": {""size"": 0, ""spline_stat"": null}}, ""dp04"": null, ""mechanism_outcome"": ""MECHANISM_UNDETERMINED_PENDING_EXACTNESS(TEST_ONLY_INJECTED)"", ""p03"": {""P01"": ""PENDING"", ""P02"": ""PENDING""}, ""stops"": []}"
