fixture_id,fixture_class,exact_construction,implemented_construction_key,n_per_sex,fixture_rng_seed,injection_modes,interpretation,start_bank,evidence_class,injection_sites,expected_outcome,parent_fixture_id
SCEN-A,real_benign,"benign real-fit scenario; two sexes x one synthetic bump z-trajectory (n_s = 1 chosen for runtime, recorded; harness is n-agnostic); full-data + 5 folds + 2 probes for P-01, P-02 and the spline benchmark; outcome as-computed; start_bank = MINI_BANK (r1-preserved, now declared per D-04)",real_benign_bump_z,1,20260906;20260908,none,PATH_COVERAGE_ONLY,MINI_BANK,real_fit,none,as-computed,r1:SCEN-A
SCEN-B,real_injected_failures,"real-fit scenario with declared failure injections: P-01 fold-2 training fit via the F2 engine's own primary+fallback fault flags (crossfit-incomplete path); P-02 LEFT-probe fit via the same F2 flags (probe-fit failure path); P-02 fold-0 masked feature start invalidated by labelled TEST_ONLY_INJECTION (FEATURE_START_REJECTED path, bank starts remain); spline full-data and fold-1 FAILURE by labelled TEST_ONLY_INJECTION; start_bank = MINI_BANK (r1-preserved, now declared per D-04)",real_injected_failure_paths,1,20260910;20260911,family_fold:P-01:fold2:F2_FAULT_INJECTION;family_probe:P-02:probeL:F2_FAULT_INJECTION;feature_start_masked:P-02:fold0:TEST_ONLY_INJECTION;spline_full:SPL:full:TEST_ONLY_INJECTION;spline_fold:SPL:fold1:TEST_ONLY_INJECTION,PATH_COVERAGE_ONLY,MINI_BANK,real_fit,family_fold:fold2;family_probe:probeL;feature_start_masked:fold0;spline_full:full;spline_fold:fold1,as-computed,r1:SCEN-B
FIX-STARTS-FULL,start_bank_default_proof,"one real-fit trajectory, both families, start_bank = FULL_LATTICE (731 P-01 / 261 P-02 retained grid points + feature start): proves the X-03 default bank; telemetry start count asserted against build_grid's retained counts",starts_full_lattice_default_proof,1,20260907,none,PATH_COVERAGE_ONLY,FULL_LATTICE,real_fit,none,start_count==retained+feature,NEW
FIX-STARTS-DUP,feature_start_duplicate_proof,"P-02 real-fit trajectories with observed maximum at index 0 and at index 145 (TEST_CONSTANT monotone z-vectors): feature start theta duplicates a P-02 lattice point exactly at u_star in {0.0, 1.0} -> FEATURE_START_REJECTED(duplicate) exercised on the real path (X-03 T-STARTS-DUP)",starts_dup_feature_rejection_proof,2,none(TEST_CONSTANT),none,PATH_COVERAGE_ONLY,FULL_LATTICE,real_fit,none,FEATURE_START_REJECTED(duplicate),NEW
INJ-C1-FAIL,injected_decision_layer,P-01 C1 coverage failure (7/10 in F); P-02 all-pass; expected mechanism ONLY_P02_PASSES,inj_c1_fail,10,none,TEST_ONLY_INJECTION;none,PATH_COVERAGE_ONLY,NOT_APPLICABLE,decision_layer_injection,constructed_directly,as-described,r1:INJ-C1-FAIL
INJ-C2-MARGIN-FAIL,injected_decision_layer,P-01 C2 spline-relative margin failure in both sexes; expected ONLY_P02_PASSES,inj_c2_margin_fail,10,none,TEST_ONLY_INJECTION;none,PATH_COVERAGE_ONLY,NOT_APPLICABLE,decision_layer_injection,constructed_directly,as-described,r1:INJ-C2-MARGIN-FAIL
INJ-C2-FLOOR-FAIL,injected_decision_layer,P-01 C2 completeness-floor failure (V2 share 8/10 in M); expected ONLY_P02_PASSES,inj_c2_floor_fail,10,none,TEST_ONLY_INJECTION;none,PATH_COVERAGE_ONLY,NOT_APPLICABLE,decision_layer_injection,constructed_directly,as-described,r1:INJ-C2-FLOOR-FAIL
INJ-C3-FAIL,injected_decision_layer,P-01 C3 excess residual-structure failure; expected ONLY_P02_PASSES,inj_c3_fail,10,none,TEST_ONLY_INJECTION;none,PATH_COVERAGE_ONLY,NOT_APPLICABLE,decision_layer_injection,constructed_directly,as-described,r1:INJ-C3-FAIL
INJ-C3-PHI-UNDEF,injected_decision_layer,TEST_ONLY_INJECTION: two P-01 phi values undefined in F (V3 share 8/10 < 0.90; undefined flags exercised); expected ONLY_P02_PASSES,inj_c3_phi_undefined,10,none,TEST_ONLY_INJECTION;none,PATH_COVERAGE_ONLY,NOT_APPLICABLE,decision_layer_injection,constructed_directly,as-described,r1:INJ-C3-PHI-UNDEF
INJ-C4A-FAIL,injected_decision_layer,P-01 C4a probe-success failure (ident 0.80 in F); decision-layer injection; expected ONLY_P02_PASSES,inj_c4a_fail,10,none,TEST_ONLY_INJECTION;none,PATH_COVERAGE_ONLY,NOT_APPLICABLE,decision_layer_injection,constructed_directly,as-described,r1:INJ-C4A-FAIL
INJ-C4B-FAIL,injected_decision_layer,P-01 C4b spline-relative failure; decision-layer injection; expected ONLY_P02_PASSES,inj_c4b_fail,10,none,TEST_ONLY_INJECTION;none,PATH_COVERAGE_ONLY,NOT_APPLICABLE,decision_layer_injection,constructed_directly,as-described,r1:INJ-C4B-FAIL
INJ-C4B-FLOOR-FAIL,injected_decision_layer,P-01 C4b completeness-floor failure with C4a still passing (K-05 invariant direction exercised); expected ONLY_P02_PASSES,inj_c4b_floor_fail,10,none,TEST_ONLY_INJECTION;none,PATH_COVERAGE_ONLY,NOT_APPLICABLE,decision_layer_injection,constructed_directly,as-described,r1:INJ-C4B-FLOOR-FAIL
INJ-C5-FAIL,injected_decision_layer,P-01 C5 stability failure; expected ONLY_P02_PASSES,inj_c5_fail,10,none,TEST_ONLY_INJECTION;none,PATH_COVERAGE_ONLY,NOT_APPLICABLE,decision_layer_injection,constructed_directly,as-described,r1:INJ-C5-FAIL
INJ-SEX-SPLIT,injected_decision_layer,"P-01 passes in F, fails C2 in M (BOTH-sex rule); expected ONLY_P02_PASSES",inj_sex_split_fail,10,none,TEST_ONLY_INJECTION;none,PATH_COVERAGE_ONLY,NOT_APPLICABLE,decision_layer_injection,constructed_directly,as-described,r1:INJ-SEX-SPLIT
INJ-ONLY-P01,injected_decision_layer,P-02 C2 failure; expected mechanism ONLY_P01_PASSES,inj_only_p01,10,none,TEST_ONLY_INJECTION;none,PATH_COVERAGE_ONLY,NOT_APPLICABLE,decision_layer_injection,constructed_directly,as-described,r1:INJ-ONLY-P01
INJ-BOTH-FAIL,injected_decision_layer,both families fail C2; expected STOP BOTH_FAIL_REDESIGN,inj_both_fail_redesign,10,none,TEST_ONLY_INJECTION;none,PATH_COVERAGE_ONLY,NOT_APPLICABLE,decision_layer_injection,constructed_directly,as-described,r1:INJ-BOTH-FAIL
INJ-DP04-C1,injected_decision_layer,both families pass; C1 scalars 1.0 vs 0.9 (delta 0.10 > tau_1) -> D-P04 RESOLVED at C1 for P-01; unconsulted levels provably not recomputed,inj_dp04_resolve_c1,10,none,TEST_ONLY_INJECTION;none,PATH_COVERAGE_ONLY,NOT_APPLICABLE,decision_layer_injection,constructed_directly,as-described,r1:INJ-DP04-C1
INJ-DP04-C2-DIVERGE,injected_decision_layer,"C1 equivalent; C2 consulted: candidate-specific P03 medians favour P-02 (P-01 own paired set trajs 0..8 median 0.90 vs P-02 own set trajs 1..9 median 0.92, gap 0.02 > tau_2) while common-set U2 (trajs 1..8) medians favour P-01 (0.93 vs 0.92, delta 0.01 > tau_2); ratified same-set rule decides -> RESOLVED at C2 for P-01; |U2|/n_s = 0.8 disclosed with NO floor",inj_dp04_c2_common_set_diverge,10,none,TEST_ONLY_INJECTION;none,PATH_COVERAGE_ONLY,NOT_APPLICABLE,decision_layer_injection,constructed_directly,as-described,r1:INJ-DP04-C2-DIVERGE
INJ-DP04-C3,injected_decision_layer,"C1-C2 equivalent; C3 consulted and RESOLVED for P-01 (0.10 vs 0.14, delta 0.04 > tau_3)",inj_dp04_resolve_c3,10,none,TEST_ONLY_INJECTION;none,PATH_COVERAGE_ONLY,NOT_APPLICABLE,decision_layer_injection,constructed_directly,as-described,r1:INJ-DP04-C3
INJ-DP04-4A,injected_decision_layer,"C1-C3 equivalent; 4a consulted and RESOLVED for P-01 (1.0 vs 0.95, delta 0.05 > tau_4a); decision-layer injection",inj_dp04_resolve_4a,10,none,TEST_ONLY_INJECTION;none,PATH_COVERAGE_ONLY,NOT_APPLICABLE,decision_layer_injection,constructed_directly,as-described,r1:INJ-DP04-4A
INJ-DP04-4B,injected_decision_layer,"C1-4a equivalent; 4b consulted on the common set U4 and RESOLVED for P-01 (0.20 vs 0.30, delta 0.10 > tau_4b_RMSE); decision-layer injection",inj_dp04_resolve_4b,10,none,TEST_ONLY_INJECTION;none,PATH_COVERAGE_ONLY,NOT_APPLICABLE,decision_layer_injection,constructed_directly,as-described,r1:INJ-DP04-4B
INJ-DP04-C5,injected_decision_layer,"C1-4b equivalent; C5 consulted on U5 and RESOLVED for P-01 (0.05 vs 0.09, delta 0.04 > tau_5)",inj_dp04_resolve_c5,10,none,TEST_ONLY_INJECTION;none,PATH_COVERAGE_ONLY,NOT_APPLICABLE,decision_layer_injection,constructed_directly,as-described,r1:INJ-DP04-C5
INJ-DP04-TERMINAL,injected_decision_layer,all seven levels EQUIVALENT (identical scalars) -> deterministic neutral terminal fallback P-01 < P-02,inj_dp04_terminal_fallback,10,none,TEST_ONLY_INJECTION;none,PATH_COVERAGE_ONLY,NOT_APPLICABLE,decision_layer_injection,constructed_directly,as-described,r1:INJ-DP04-TERMINAL
INJ-DP04-EMPTY-U,injected_decision_layer,TEST_ONLY_INJECTION: U2 forcibly emptied at consult time (mathematically excluded under the ratified literals) -> CONTRACT_VIOLATION_EMPTY_U STOP record,inj_dp04_empty_u_violation,10,none,TEST_ONLY_INJECTION;inject_empty_U2=True,PATH_COVERAGE_ONLY,NOT_APPLICABLE,decision_layer_injection,constructed_directly,as-described,r1:INJ-DP04-EMPTY-U
INJ-U2-RHO-INVALID,injected_decision_layer,"C1 equivalent; P-01's required C2 statistic (rho) invalid at observation 0 (all other statistics valid, P03 entry conditions satisfied) -> observation 0 excluded from U2 at construction (NOT a STOP); both candidates compared on the remaining 9; X-07 T-U2-RHO-INVALID-EXCLUDE",inj_u2_rho_invalid_exclude,10,none,TEST_ONLY_INJECTION;none,PATH_COVERAGE_ONLY,NOT_APPLICABLE,decision_layer_injection,constructed_directly,as-described,NEW
INJ-U5-C2-INDEPENDENT,injected_decision_layer,"every required C5 statistic (sst) valid for both candidates on all 10 observations; one rho (C2 statistic) invalid at observation 0 -> |U5| = n_s = 10, justified by C5 (sst) validity for both candidates, NOT by fold completion and NOT by C2/rho validity; X-07 T-U5-INDEPENDENT-OF-C2",inj_u5_independent_of_c2,10,none,TEST_ONLY_INJECTION;none,PATH_COVERAGE_ONLY,NOT_APPLICABLE,decision_layer_injection,constructed_directly,as-described,NEW
INJ-U5-SST-INVALID,injected_decision_layer,P-01's required C5 statistic (sst) invalid on 1 of 10 observations in F -> |U5| = 9 in F with both candidates' medians computed on those same nine; NO STOP for this ordinary exclusion; X-07 T-U5-SST-INVALID-EXCLUDE,inj_u5_sst_invalid_exclude,10,none,TEST_ONLY_INJECTION;post_construction_nan_target=None,PATH_COVERAGE_ONLY,NOT_APPLICABLE,decision_layer_injection,constructed_directly,as-described,NEW
INJ-U-POST-CONSTRUCTION-INVALID,injected_decision_layer,C1 equivalent; C2 consulted with an otherwise well-formed |U2| = 10 common set; a TEST_ONLY_INJECTION invalidates one member's required statistic AFTER the set is already built -> CONTRACT_VIOLATION_INCONSISTENT_U (kept distinct from ordinary construction-time exclusion); X-07 T-U-POST-CONSTRUCTION-INVALID,inj_u_post_construction_invalid,10,none,TEST_ONLY_INJECTION;inject_post_construction_invalid_C2=0,PATH_COVERAGE_ONLY,NOT_APPLICABLE,decision_layer_injection,constructed_directly,as-described,NEW
INJ-NAN-STAT,injected_decision_layer,"TEST_ONLY_INJECTION: P-01 rho at observation 0 set to NaN (both sexes) -> undefined flag = True and C2 not passed via section-8.1 governance (not via a failed numeric comparison); its D-P04 consequence (when consulted) is exclusion at construction, kept distinct from the post-construction case; X-09 T-FINITE-P03 / T-FINITE-DP04",inj_nan_stat,10,none,TEST_ONLY_INJECTION;none,PATH_COVERAGE_ONLY,NOT_APPLICABLE,decision_layer_injection,constructed_directly,as-described,NEW
INJ-P03-C4PENDING-C5FAIL,injected_decision_layer,"C4 PENDING (REAL-type evaluation, S-1 not consulted for this fixture); P-01 C5 definitely fails in F, P-02 otherwise all-pass -> P-01 p03 = FAIL (definite failure dominates), c4 stays PENDING, first_failed_criterion = UNDETERMINED_PENDING_C4a, definite_failures = [C5]; P-02 p03 = PENDING -> mechanism = MECHANISM_UNDETERMINED_PENDING_EXACTNESS; X-08 T-P03-STATUS-A",inj_p03_c4pending_c5fail,10,none,TEST_ONLY_INJECTION;none,PATH_COVERAGE_ONLY,NOT_APPLICABLE,decision_layer_injection,constructed_directly,as-described,NEW
INJ-P03-BOTHFAIL-C4PENDING,injected_decision_layer,C4 PENDING for both families (REAL-type evaluation); each family has a definite C5 failure in one sex -> both p03 = FAIL (a definite failure is dispositive regardless of the pending C4 criterion) -> mechanism = STOP_BOTH_FAIL_REDESIGN (no PENDING remains once both are FAIL); X-08 T-P03-STATUS-C,inj_p03_bothfail_c4pending,10,none,TEST_ONLY_INJECTION;none,PATH_COVERAGE_ONLY,NOT_APPLICABLE,decision_layer_injection,constructed_directly,as-described,NEW
