fixture_id,fixture_class,exact_construction,implemented_construction_key,n_per_sex,fixture_rng_seed,injection_modes,interpretation
SCEN-A,real_benign,"benign real-fit scenario; two sexes x one synthetic bump z-trajectory (n_s = 1 chosen for runtime, recorded; harness is n-agnostic); full-data + 5 folds + 2 probes for P-01, P-02 and the spline benchmark; outcome as-computed",real_benign_bump_z,1,20260906;20260908,none,PATH_COVERAGE_ONLY
SCEN-B,real_injected_failures,"real-fit scenario with declared failure injections: P-01 fold-2 training fit via the F2 engine's own primary+fallback fault flags (crossfit-incomplete path); P-02 LEFT-probe fit via the same F2 flags (probe-fit failure path); P-02 fold-0 masked feature start invalidated by labelled TEST_ONLY_INJECTION (FEATURE_START_REJECTED path, grid starts remain); spline full-data and fold-1 FAILURE by labelled TEST_ONLY_INJECTION",real_injected_failure_paths,1,20260910;20260911,family_fold:P-01:fold2:F2_FAULT_INJECTION;family_probe:P-02:probeL:F2_FAULT_INJECTION;feature_start_masked:P-02:fold0:TEST_ONLY_INJECTION;spline_full:SPL:full:TEST_ONLY_INJECTION;spline_fold:SPL:fold1:TEST_ONLY_INJECTION,PATH_COVERAGE_ONLY
INJ-C1-FAIL,injected_decision_layer,P-01 C1 coverage failure (7/10 in F); P-02 all-pass; expected mechanism ONLY_P02_PASSES,inj_c1_fail,10,none,TEST_ONLY_INJECTION;none,PATH_COVERAGE_ONLY
INJ-C2-MARGIN-FAIL,injected_decision_layer,P-01 C2 spline-relative margin failure in both sexes; expected ONLY_P02_PASSES,inj_c2_margin_fail,10,none,TEST_ONLY_INJECTION;none,PATH_COVERAGE_ONLY
INJ-C2-FLOOR-FAIL,injected_decision_layer,P-01 C2 completeness-floor failure (V2 share 8/10 in M); expected ONLY_P02_PASSES,inj_c2_floor_fail,10,none,TEST_ONLY_INJECTION;none,PATH_COVERAGE_ONLY
INJ-C3-FAIL,injected_decision_layer,P-01 C3 excess residual-structure failure; expected ONLY_P02_PASSES,inj_c3_fail,10,none,TEST_ONLY_INJECTION;none,PATH_COVERAGE_ONLY
INJ-C3-PHI-UNDEF,injected_decision_layer,TEST_ONLY_INJECTION: two P-01 phi values undefined in F (V3 share 8/10 < 0.90; undefined flags exercised); expected ONLY_P02_PASSES,inj_c3_phi_undefined,10,none,TEST_ONLY_INJECTION;none,PATH_COVERAGE_ONLY
INJ-C4A-FAIL,injected_decision_layer,P-01 C4a probe-success failure (ident 0.80 in F); decision-layer injection (EXACT-01 caveat); expected ONLY_P02_PASSES,inj_c4a_fail,10,none,TEST_ONLY_INJECTION;none,PATH_COVERAGE_ONLY
INJ-C4B-FAIL,injected_decision_layer,P-01 C4b spline-relative failure; decision-layer injection (EXACT-01 caveat); expected ONLY_P02_PASSES,inj_c4b_fail,10,none,TEST_ONLY_INJECTION;none,PATH_COVERAGE_ONLY
INJ-C4B-FLOOR-FAIL,injected_decision_layer,P-01 C4b completeness-floor failure with C4a still passing (K-05 invariant direction exercised); expected ONLY_P02_PASSES,inj_c4b_floor_fail,10,none,TEST_ONLY_INJECTION;none,PATH_COVERAGE_ONLY
INJ-C5-FAIL,injected_decision_layer,P-01 C5 stability failure; expected ONLY_P02_PASSES,inj_c5_fail,10,none,TEST_ONLY_INJECTION;none,PATH_COVERAGE_ONLY
INJ-SEX-SPLIT,injected_decision_layer,"P-01 passes in F, fails C2 in M (BOTH-sex rule); expected ONLY_P02_PASSES",inj_sex_split_fail,10,none,TEST_ONLY_INJECTION;none,PATH_COVERAGE_ONLY
INJ-ONLY-P01,injected_decision_layer,P-02 C2 failure; expected mechanism ONLY_P01_PASSES,inj_only_p01,10,none,TEST_ONLY_INJECTION;none,PATH_COVERAGE_ONLY
INJ-BOTH-FAIL,injected_decision_layer,both families fail C2; expected STOP BOTH_FAIL_REDESIGN,inj_both_fail_redesign,10,none,TEST_ONLY_INJECTION;none,PATH_COVERAGE_ONLY
INJ-DP04-C1,injected_decision_layer,both families pass; C1 scalars 1.0 vs 0.9 (delta 0.10 > tau_1) -> D-P04 RESOLVED at C1 for P-01; unconsulted levels provably not recomputed,inj_dp04_resolve_c1,10,none,TEST_ONLY_INJECTION;none,PATH_COVERAGE_ONLY
INJ-DP04-C2-DIVERGE,injected_decision_layer,"C1 equivalent; C2 consulted: candidate-specific P03 medians favour P-02 (P-01 own paired set trajs 0..8 median 0.90 vs P-02 own set trajs 1..9 median 0.92, gap 0.02 > tau_2) while common-set U2 (trajs 1..8) medians favour P-01 (0.93 vs 0.92, delta 0.01 > tau_2); ratified same-set rule decides -> RESOLVED at C2 for P-01; |U2|/n_s = 0.8 disclosed with NO floor",inj_dp04_c2_common_set_diverge,10,none,TEST_ONLY_INJECTION;none,PATH_COVERAGE_ONLY
INJ-DP04-C3,injected_decision_layer,"C1-C2 equivalent; C3 consulted and RESOLVED for P-01 (0.10 vs 0.14, delta 0.04 > tau_3)",inj_dp04_resolve_c3,10,none,TEST_ONLY_INJECTION;none,PATH_COVERAGE_ONLY
INJ-DP04-4A,injected_decision_layer,"C1-C3 equivalent; 4a consulted and RESOLVED for P-01 (1.0 vs 0.95, delta 0.05 > tau_4a); decision-layer injection (EXACT-01 caveat)",inj_dp04_resolve_4a,10,none,TEST_ONLY_INJECTION;none,PATH_COVERAGE_ONLY
INJ-DP04-4B,injected_decision_layer,"C1-4a equivalent; 4b consulted on the common set U4 and RESOLVED for P-01 (0.20 vs 0.30, delta 0.10 > tau_4b_RMSE); decision-layer injection (EXACT-01 caveat)",inj_dp04_resolve_4b,10,none,TEST_ONLY_INJECTION;none,PATH_COVERAGE_ONLY
INJ-DP04-C5,injected_decision_layer,"C1-4b equivalent; C5 consulted on U5 and RESOLVED for P-01 (0.05 vs 0.09, delta 0.04 > tau_5)",inj_dp04_resolve_c5,10,none,TEST_ONLY_INJECTION;none,PATH_COVERAGE_ONLY
INJ-DP04-TERMINAL,injected_decision_layer,all seven levels EQUIVALENT (identical scalars) -> deterministic neutral terminal fallback P-01 < P-02,inj_dp04_terminal_fallback,10,none,TEST_ONLY_INJECTION;none,PATH_COVERAGE_ONLY
INJ-DP04-EMPTY-U,injected_decision_layer,TEST_ONLY_INJECTION: U2 forcibly emptied at consult time (mathematically excluded under the ratified literals) -> CONTRACT_VIOLATION_EMPTY_U STOP record,inj_dp04_empty_u_violation,10,none,TEST_ONLY_INJECTION;inject_empty_U2=True,PATH_COVERAGE_ONLY
