fixture_id,fixture_class,construction_rule,coefficients_or_parameters,noise_rule,noise_sigma,noise_seed,standardization_rule,mode_idx,mask_context,observed_index_rule,tested_solver_configurations,fallback_rule,reference_construction_rule,reference_certificate_method,constraint_orientation_convention,kappa_solver,mode_tol_rule,spline_feasibility_acceptance_tol,active_set_identification_tol,active_set_expansion_tol,spline_kkt_stationarity_tol,acceptance_rule
Q01,near_noiseless_spline_representable,z=z_ddof0(raw+noise); raw=B@c (clamped cubic; knots 0^4 .2 .4 .6 .8 1^4),"c=0.0 0.4 1.2 2.4 1.6 0.8 0.3 0.05",none,0.0,none,z_ddof0 (mean 0; ddof=0 sd 1),61,full,"all 146 indices",SOLVER-A(SLSQP primary; trust-constr fallback);SOLVER-B(trust-constr primary; active-set equality-KKT post-polish tol 1e-8 with single expansion to 1e-6; SLSQP fallback);SOLVER-C(trust-constr only),fallback endpoint subject to identical criteria,dual-NNLS convex QP: lambda*=NNLS(G[,] -w); G=L^-1 A^T; w=L^-1 b; H=B_O^T B_O=LL^T; c_ref=H^-1(b+A^T lambda*),NNLS existence certificate,A c >= 0 ; lambda >= 0,0.1,mode_tol=1e-12+1e-9*abs(RSS_ref); accept |RSS_solver-RSS_ref|<=kappa*mode_tol,1e-08,1e-08,1e-06,1e-08,ALL cases must pass objective-accuracy AND feasibility; no averaging
Q02,low_rss_spline_representable,z=z_ddof0(raw+noise); raw=B@c (clamped cubic; knots 0^4 .2 .4 .6 .8 1^4),"c=0.0 0.4 1.2 2.4 1.6 0.8 0.3 0.05",PCG64(seed) standard normal * sigma added to raw pre-standardization,0.02,20260903,z_ddof0 (mean 0; ddof=0 sd 1),61,full,"all 146 indices",SOLVER-A(SLSQP primary; trust-constr fallback);SOLVER-B(trust-constr primary; active-set equality-KKT post-polish tol 1e-8 with single expansion to 1e-6; SLSQP fallback);SOLVER-C(trust-constr only),fallback endpoint subject to identical criteria,dual-NNLS convex QP: lambda*=NNLS(G[,] -w); G=L^-1 A^T; w=L^-1 b; H=B_O^T B_O=LL^T; c_ref=H^-1(b+A^T lambda*),NNLS existence certificate,A c >= 0 ; lambda >= 0,0.1,mode_tol=1e-12+1e-9*abs(RSS_ref); accept |RSS_solver-RSS_ref|<=kappa*mode_tol,1e-08,1e-08,1e-06,1e-08,ALL cases must pass objective-accuracy AND feasibility; no averaging
Q03,moderate_rss_analytic,z=z_ddof0(raw+noise); raw=analytic bump on u-grid,"bump: exp(-(((u-0.55)/0.12)^2))",PCG64(seed) standard normal * sigma added to raw pre-standardization,0.2,20260904,z_ddof0 (mean 0; ddof=0 sd 1),80,full,"all 146 indices",SOLVER-A(SLSQP primary; trust-constr fallback);SOLVER-B(trust-constr primary; active-set equality-KKT post-polish tol 1e-8 with single expansion to 1e-6; SLSQP fallback);SOLVER-C(trust-constr only),fallback endpoint subject to identical criteria,dual-NNLS convex QP: lambda*=NNLS(G[,] -w); G=L^-1 A^T; w=L^-1 b; H=B_O^T B_O=LL^T; c_ref=H^-1(b+A^T lambda*),NNLS existence certificate,A c >= 0 ; lambda >= 0,0.1,mode_tol=1e-12+1e-9*abs(RSS_ref); accept |RSS_solver-RSS_ref|<=kappa*mode_tol,1e-08,1e-08,1e-06,1e-08,ALL cases must pass objective-accuracy AND feasibility; no averaging
Q04,high_rss_analytic,z=z_ddof0(raw+noise); raw=analytic bump on u-grid,"bump: exp(-(((u-0.55)/0.12)^2))",PCG64(seed) standard normal * sigma added to raw pre-standardization,1.0,20260905,z_ddof0 (mean 0; ddof=0 sd 1),80,full,"all 146 indices",SOLVER-A(SLSQP primary; trust-constr fallback);SOLVER-B(trust-constr primary; active-set equality-KKT post-polish tol 1e-8 with single expansion to 1e-6; SLSQP fallback);SOLVER-C(trust-constr only),fallback endpoint subject to identical criteria,dual-NNLS convex QP: lambda*=NNLS(G[,] -w); G=L^-1 A^T; w=L^-1 b; H=B_O^T B_O=LL^T; c_ref=H^-1(b+A^T lambda*),NNLS existence certificate,A c >= 0 ; lambda >= 0,0.1,mode_tol=1e-12+1e-9*abs(RSS_ref); accept |RSS_solver-RSS_ref|<=kappa*mode_tol,1e-08,1e-08,1e-06,1e-08,ALL cases must pass objective-accuracy AND feasibility; no averaging
Q05,boundary_mode_0,z=z_ddof0(raw+noise); raw=B@c (clamped cubic; knots 0^4 .2 .4 .6 .8 1^4),"c=3.0 2.2 1.5 1.0 0.6 0.35 0.15 0.0",PCG64(seed) standard normal * sigma added to raw pre-standardization,0.05,20260906,z_ddof0 (mean 0; ddof=0 sd 1),0,full,"all 146 indices",SOLVER-A(SLSQP primary; trust-constr fallback);SOLVER-B(trust-constr primary; active-set equality-KKT post-polish tol 1e-8 with single expansion to 1e-6; SLSQP fallback);SOLVER-C(trust-constr only),fallback endpoint subject to identical criteria,dual-NNLS convex QP: lambda*=NNLS(G[,] -w); G=L^-1 A^T; w=L^-1 b; H=B_O^T B_O=LL^T; c_ref=H^-1(b+A^T lambda*),NNLS existence certificate,A c >= 0 ; lambda >= 0,0.1,mode_tol=1e-12+1e-9*abs(RSS_ref); accept |RSS_solver-RSS_ref|<=kappa*mode_tol,1e-08,1e-08,1e-06,1e-08,ALL cases must pass objective-accuracy AND feasibility; no averaging
Q06,boundary_mode_145,z=z_ddof0(raw+noise); raw=B@c (clamped cubic; knots 0^4 .2 .4 .6 .8 1^4),"c=0.0 0.15 0.35 0.6 1.0 1.5 2.2 3.0",PCG64(seed) standard normal * sigma added to raw pre-standardization,0.05,20260907,z_ddof0 (mean 0; ddof=0 sd 1),145,full,"all 146 indices",SOLVER-A(SLSQP primary; trust-constr fallback);SOLVER-B(trust-constr primary; active-set equality-KKT post-polish tol 1e-8 with single expansion to 1e-6; SLSQP fallback);SOLVER-C(trust-constr only),fallback endpoint subject to identical criteria,dual-NNLS convex QP: lambda*=NNLS(G[,] -w); G=L^-1 A^T; w=L^-1 b; H=B_O^T B_O=LL^T; c_ref=H^-1(b+A^T lambda*),NNLS existence certificate,A c >= 0 ; lambda >= 0,0.1,mode_tol=1e-12+1e-9*abs(RSS_ref); accept |RSS_solver-RSS_ref|<=kappa*mode_tol,1e-08,1e-08,1e-06,1e-08,ALL cases must pass objective-accuracy AND feasibility; no averaging
Q07,interior_masked_context,z=z_ddof0(raw+noise); raw=analytic bump on u-grid,"bump: exp(-(((u-0.55)/0.12)^2))",PCG64(seed) standard normal * sigma added to raw pre-standardization,0.2,20260908,z_ddof0 (mean 0; ddof=0 sd 1),80,interior_mask,"[0.58)+[87.146)",SOLVER-A(SLSQP primary; trust-constr fallback);SOLVER-B(trust-constr primary; active-set equality-KKT post-polish tol 1e-8 with single expansion to 1e-6; SLSQP fallback);SOLVER-C(trust-constr only),fallback endpoint subject to identical criteria,dual-NNLS convex QP: lambda*=NNLS(G[,] -w); G=L^-1 A^T; w=L^-1 b; H=B_O^T B_O=LL^T; c_ref=H^-1(b+A^T lambda*),NNLS existence certificate,A c >= 0 ; lambda >= 0,0.1,mode_tol=1e-12+1e-9*abs(RSS_ref); accept |RSS_solver-RSS_ref|<=kappa*mode_tol,1e-08,1e-08,1e-06,1e-08,ALL cases must pass objective-accuracy AND feasibility; no averaging
Q08,left_edge_masked_context,z=z_ddof0(raw+noise); raw=analytic bump on u-grid,"bump: exp(-(((u-0.55)/0.12)^2))",PCG64(seed) standard normal * sigma added to raw pre-standardization,0.2,20260909,z_ddof0 (mean 0; ddof=0 sd 1),80,left_edge_mask,"[15.146)",SOLVER-A(SLSQP primary; trust-constr fallback);SOLVER-B(trust-constr primary; active-set equality-KKT post-polish tol 1e-8 with single expansion to 1e-6; SLSQP fallback);SOLVER-C(trust-constr only),fallback endpoint subject to identical criteria,dual-NNLS convex QP: lambda*=NNLS(G[,] -w); G=L^-1 A^T; w=L^-1 b; H=B_O^T B_O=LL^T; c_ref=H^-1(b+A^T lambda*),NNLS existence certificate,A c >= 0 ; lambda >= 0,0.1,mode_tol=1e-12+1e-9*abs(RSS_ref); accept |RSS_solver-RSS_ref|<=kappa*mode_tol,1e-08,1e-08,1e-06,1e-08,ALL cases must pass objective-accuracy AND feasibility; no averaging
Q09,right_edge_masked_context,z=z_ddof0(raw+noise); raw=analytic bump on u-grid,"bump: exp(-(((u-0.55)/0.12)^2))",PCG64(seed) standard normal * sigma added to raw pre-standardization,0.2,20260910,z_ddof0 (mean 0; ddof=0 sd 1),80,right_edge_mask,"[0.131)",SOLVER-A(SLSQP primary; trust-constr fallback);SOLVER-B(trust-constr primary; active-set equality-KKT post-polish tol 1e-8 with single expansion to 1e-6; SLSQP fallback);SOLVER-C(trust-constr only),fallback endpoint subject to identical criteria,dual-NNLS convex QP: lambda*=NNLS(G[,] -w); G=L^-1 A^T; w=L^-1 b; H=B_O^T B_O=LL^T; c_ref=H^-1(b+A^T lambda*),NNLS existence certificate,A c >= 0 ; lambda >= 0,0.1,mode_tol=1e-12+1e-9*abs(RSS_ref); accept |RSS_solver-RSS_ref|<=kappa*mode_tol,1e-08,1e-08,1e-06,1e-08,ALL cases must pass objective-accuracy AND feasibility; no averaging
Q10,degenerate_many_active,z=z_ddof0(raw+noise); raw=B@c (clamped cubic; knots 0^4 .2 .4 .6 .8 1^4),"c=0.0 0.05 0.1 0.3 0.7 1.6 2.4 0.9",PCG64(seed) standard normal * sigma added to raw pre-standardization,0.2,20260911,z_ddof0 (mean 0; ddof=0 sd 1),10,full,"all 146 indices",SOLVER-A(SLSQP primary; trust-constr fallback);SOLVER-B(trust-constr primary; active-set equality-KKT post-polish tol 1e-8 with single expansion to 1e-6; SLSQP fallback);SOLVER-C(trust-constr only),fallback endpoint subject to identical criteria,dual-NNLS convex QP: lambda*=NNLS(G[,] -w); G=L^-1 A^T; w=L^-1 b; H=B_O^T B_O=LL^T; c_ref=H^-1(b+A^T lambda*),NNLS existence certificate,A c >= 0 ; lambda >= 0,0.1,mode_tol=1e-12+1e-9*abs(RSS_ref); accept |RSS_solver-RSS_ref|<=kappa*mode_tol,1e-08,1e-08,1e-06,1e-08,ALL cases must pass objective-accuracy AND feasibility; no averaging
