path,classification,reason,r4_2,rp1
evaluations/stops/canonical/determinism (S),S,"scientific, no whitelist",,
context_id_unique,E,C-4 ADDITION (not in r4-2),"""<ABSENT>""","{""all_unique"": true, ""expected_rows"": 144, ""pass_"": true, ""rows"": 144}"
end_state.PI_dispatch_record_hash,E,"rp1's own dispatch record is D-10, not D-7 (rp1 instruction S9)","""a3e705093577135f9992685a483b2f0de343326da6c3aecbb278e7672e1ec1fb""","""4c89577bed6820da3ad50d9651f742c4de33d3441027182b2696e30712847f34"""
end_state.PI_dispatch_record_path,E,rp1's own dispatch record path,"""p_konum_plus/prompts/f3_step2_r4-2_pi_dispatch_record_2026-09-30.md""","""p_konum_plus/prompts/f3_realdata_prep_rp1_pi_dispatch_record_2026-10-02.md"""
end_state.corrections_complete,E,"stale at comparison time -- T-NONREG-R4-2 (this check) is not yet recorded in TESTS_RUN; refreshed immediately after, before the results file is written",true,false
end_state.mandatory_tests_all_run,E,"stale at comparison time, same reason",true,false
end_state.mandatory_tests_missing,E,"stale at comparison time, same reason",[],"[""T-NONREG-R4-2""]"
end_state.narrowed_evidence,E,"rp1 instruction C-6: T-RP-1 enters narrowed_evidence by value, exactly as T-R2-2 does; r4-2 (one value) vs rp1 (two values) is the expected addition, not a scientific change","[""T-R2-2""]","[""T-R2-2"", ""T-RP-1""]"
exc_injection_fixtures.pass_key_namespaces_disjoint,E,C-2(i) ADDITION (not in r4-2),"""<ABSENT>""",true
f1_loader_synth,E,C-3 ADDITION (not in r4-2),"""<ABSENT>""","{""cases"": {""BAD_FORMAT"": {""expected"": ""BAD_FORMAT"", ""got"": ""BAD_FORMAT"", ""ok"": true}, ""COUNT_BELOW_PUBLICATION_FLOOR"": {""expected"": ""COUNT_BELOW_PUBLICATION_FLOOR"", ""got"": ""COUNT_BELOW_PUBLICATION_FLOOR"", ""ok"": true}, ""DUPLICATE_KEY"": {""expected"": ""DUPLICATE_KEY"", ""got"": ""DUPLICATE_KEY"", ""ok"": true}, ""MISSING_YEAR"": {""expected"": ""MISSING_YEAR"", ""got"": ""MISSING_YEAR"", ""ok"": true}, ""RAW_FILE_HASH_MISMATCH"": {""expected"": ""RAW_FILE_HASH_MISMATCH"", ""got"": ""RAW_FILE_HASH_MISMATCH"", ""ok"": true}, ""TOLER"
inadmissible_completed_counts,E,C-5 ADDITION (not in r4-2),"""<ABSENT>""","{""family_starts"": 318, ""spline_modes"": 102}"
inadmissible_observable,E,C-5 ADDITION (not in r4-2),"""<ABSENT>""","{""family"": {""eligible_not_counted"": true, ""infeasible_not_counted"": true, ""nonconverged_not_counted"": true, ""witness"": null, ""witness_found"": false}, ""pass_"": true, ""spline"": {""accepted_primary_not_counted"": true, ""accepted_stage1_not_counted"": true, ""clean_not_accepted_counted"": true, ""dirty_return_not_counted"": true}, ""witness_on_frozen_lattice"": false}"
key_namespace_table,E,C-2 ADDITION (not in r4-2),"""<ABSENT>""","[{""key_families"": [""nrgates_all"", ""onestart"", ""realscen"", ""splmode"", ""unittests_all""], ""n_keys"": 11431, ""scope"": ""(base)""}, {""key_families"": [""splmode""], ""n_keys"": 438, ""scope"": ""excpass1__""}, {""key_families"": [""splmode""], ""n_keys"": 438, ""scope"": ""excpass2__""}, {""key_families"": [""splmode""], ""n_keys"": 146, ""scope"": ""tstoreread__""}]"
opened_files_audit_derived,E,rp1's own file paths,"[""4"", ""C:\\Users\\Neo\\AppData\\Local\\Programs\\Python\\Python311\\Lib\\__pycache__\\copy.cpython-311.pyc"", ""C:\\Users\\Neo\\AppData\\Local\\Programs\\Python\\Python311\\Lib\\__pycache__\\dataclasses.cpython-311.pyc"", ""C:\\Users\\Neo\\AppData\\Local\\Programs\\Python\\Python311\\Lib\\__pycache__\\heapq.cpython-311.pyc"", ""C:\\Users\\Neo\\AppData\\Local\\Programs\\Python\\Python311\\Lib\\__pycache__\\selectors.cpython-311.pyc"", ""C:\\Users\\Neo\\AppData\\Local\\Programs\\Python\\Python311\\Lib\\__","[""4"", ""C:\\Users\\Neo\\AppData\\Local\\Programs\\Python\\Python311\\Lib\\__pycache__\\copy.cpython-311.pyc"", ""C:\\Users\\Neo\\AppData\\Local\\Programs\\Python\\Python311\\Lib\\__pycache__\\dataclasses.cpython-311.pyc"", ""C:\\Users\\Neo\\AppData\\Local\\Programs\\Python\\Python311\\Lib\\__pycache__\\heapq.cpython-311.pyc"", ""C:\\Users\\Neo\\AppData\\Local\\Programs\\Python\\Python311\\Lib\\__pycache__\\selectors.cpython-311.pyc"", ""C:\\Users\\Neo\\AppData\\Local\\Programs\\Python\\Python311\\Lib\\__"
opened_files_declared,E,rp1's own file paths,"[""G:\\PycharmProjects\\pkp-worktree\\p_konum_plus\\calibration\\f3_step2_adequacy_harness_r4-2_2026-09-30.py"", ""p_konum_plus/calibration/f2_d_f2_09_proposed_start_grid_manifest_2026-08-30.csv"", ""p_konum_plus/calibration/f2_step2_feasibility_harness_r3_2026-09-01.py"", ""p_konum_plus/calibration/f2_step2_feasibility_telemetry_r3_2026-09-01.csv"", ""p_konum_plus/calibration/f2_step2_fixture_manifest_2026-09-01.csv"", ""p_konum_plus/calibration/f3_spline_solver_qualification_harness_r2_2026-09-03.py"", ""p","[""G:\\PycharmProjects\\pkp-worktree\\p_konum_plus\\calibration\\f3_step2_adequacy_harness_rp1_2026-10-02.py"", ""p_konum_plus/calibration/f1_input_freeze_record_2026-08-28.md"", ""p_konum_plus/calibration/f2_d_f2_09_proposed_start_grid_manifest_2026-08-30.csv"", ""p_konum_plus/calibration/f2_step2_feasibility_harness_r3_2026-09-01.py"", ""p_konum_plus/calibration/f2_step2_feasibility_telemetry_r3_2026-09-01.csv"", ""p_konum_plus/calibration/f2_step2_fixture_manifest_2026-09-01.csv"", ""p_konum_plus/calibrat"
process.attempt_log_path,E,"this process's own identity, timing, paths and C-1/C-6 counters (rp1 instruction S5)","""p_konum_plus/provenance/f3_step2_r4-2_attempt_log_2026-09-30.md""","""p_konum_plus/provenance/f3_step2_rp1_attempt_log_2026-10-02.md"""
process.attempt_number,E,"this process's own identity, timing, paths and C-1/C-6 counters (rp1 instruction S5)",2,5
process.command_line,E,"this process's own identity, timing, paths and C-1/C-6 counters (rp1 instruction S5)","""p_konum_plus/calibration/f3_step2_adequacy_harness_r4-2_2026-09-30.py""","""p_konum_plus/calibration/f3_step2_adequacy_harness_rp1_2026-10-02.py"""
process.end,E,"this process's own identity, timing, paths and C-1/C-6 counters (rp1 instruction S5)","""2026-09-30T21:36:01.300416""","""2026-10-04T16:16:20.870746"""
process.launch_number,E,"this process's own identity, timing, paths and C-1/C-6 counters (rp1 instruction S5)",2,5
process.launch_stderr_path,E,"this process's own identity, timing, paths and C-1/C-6 counters (rp1 instruction S5)","""p_konum_plus/calibration/f3_step2_r4-2_launch2_stderr_2026-09-30.log""","""p_konum_plus/calibration/f3_step2_rp1_launch5_stderr_2026-10-02.log"""
process.launch_stdout_path,E,"this process's own identity, timing, paths and C-1/C-6 counters (rp1 instruction S5)","""p_konum_plus/calibration/f3_step2_r4-2_launch2_stdout_2026-09-30.log""","""p_konum_plus/calibration/f3_step2_rp1_launch5_stdout_2026-10-02.log"""
process.percall_telemetry_path,E,"this process's own identity, timing, paths and C-1/C-6 counters (rp1 instruction S5)","""p_konum_plus/calibration/f3_step2_spline_percall_telemetry_r4-2_2026-09-30.csv""","""p_konum_plus/calibration/f3_step2_spline_percall_telemetry_rp1_2026-10-02.csv"""
process.pid,E,"this process's own identity, timing, paths and C-1/C-6 counters (rp1 instruction S5)",10412,33100
process.spline_telemetry_call_total,E,"this process's own identity, timing, paths and C-1/C-6 counters (rp1 instruction S5)",12174,12502
process.spline_telemetry_calls_by_phase,E,"this process's own identity, timing, paths and C-1/C-6 counters (rp1 instruction S5)","{""nr_gates"": 60, ""run1"": 5256, ""run2"": 5256, ""unit_tests"": 1602}","{""nr_gates"": 388, ""run1"": 5256, ""run2"": 5256, ""unit_tests"": 1602}"
process.spline_telemetry_calls_by_phase_pid,E,"this process's own identity, timing, paths and C-1/C-6 counters (rp1 instruction S5)","{""nr_gates/10412"": 60, ""run1/10412"": 5256, ""run2/10412"": 5256, ""unit_tests/10412"": 1602}","{""nr_gates/33100"": 388, ""run1/33100"": 5256, ""run2/33100"": 5256, ""unit_tests/33100"": 1602}"
process.start,E,"this process's own identity, timing, paths and C-1/C-6 counters (rp1 instruction S5)","""2026-09-30T20:38:58.140644""","""2026-10-04T15:09:42.946397"""
process.store_manifest_path,E,"this process's own identity, timing, paths and C-1/C-6 counters (rp1 instruction S5)","""p_konum_plus/calibration/f3_step2_r4-2_restart_store_manifest_2026-09-30.csv""","""p_konum_plus/calibration/f3_step2_rp1_restart_store_manifest_2026-10-02.csv"""
process.store_manifest_sha256,E,"this process's own identity, timing, paths and C-1/C-6 counters (rp1 instruction S5)","""1082e0eb6caa9eaab2f779802b2023967716f424bd4278f674bc92130ae87f95""","""ca355af467f66a05b19e82fa3e2f515ce41a253718b0120e30fae6338d96a733"""
process.store_rows,E,"this process's own identity, timing, paths and C-1/C-6 counters (rp1 instruction S5)",11869,12453
process.supersedes_harness_sha256,E,"this process's own identity, timing, paths and C-1/C-6 counters (rp1 instruction S5)","""9e4d2803101de6b48b69965882772c2f5a65d71ddce95269b4616dceb6731d74""","""47b42533fb99be264ca68c9936f0954054f55d1fbb40d6fa50a638e897b26561"""
process.supersedes_note_path,E,"this process's own identity, timing, paths and C-1/C-6 counters (rp1 instruction S5)","""p_konum_plus/quarantine/f3_step2_r4-2_attempt1_interruption_note_2026-09-30.md""","""p_konum_plus/quarantine/f3_step2_rp1_attempt4_store_read_log_missing_note_2026-10-03.md"""
solver_exceptions,E,a natural COVERED event's own provenance (pid/start_iso/traceback file path) differs per process; content (fixture/mode/exception/message) verified identical after stripping those fields,"[{""exception_type"": ""RuntimeError"", ""fixture"": ""SCEN-A"", ""kind"": ""COVERED"", ""mask_id"": ""run1:F0:full"", ""message"": ""Maximum number of iterations reached."", ""mode"": 113, ""phase"": ""run1"", ""pid"": 10412, ""s2_rule"": ""alpha: NOT accepted at stage 2; chain continues"", ""sex"": ""F"", ""stage"": 2, ""start_iso"": ""2026-09-30T20:38:58.140644"", ""traceback"": ""Traceback (most recent call last):\n  File \""G:\\PycharmProjects\\pkp-worktree\\p_konum_plus\\calibration\\f3_step2_adequacy_harness_r4-2_2026-09-30.py\"", lin","[{""exception_type"": ""RuntimeError"", ""fixture"": ""SCEN-A"", ""kind"": ""COVERED"", ""mask_id"": ""run1:F0:full"", ""message"": ""Maximum number of iterations reached."", ""mode"": 113, ""phase"": ""run1"", ""pid"": 33100, ""s2_rule"": ""alpha: NOT accepted at stage 2; chain continues"", ""sex"": ""F"", ""stage"": 2, ""start_iso"": ""2026-10-04T15:09:42.946397"", ""traceback"": ""Traceback (most recent call last):\n  File \""G:\\PycharmProjects\\pkp-worktree\\p_konum_plus\\calibration\\f3_step2_adequacy_harness_rp1_2026-10-02.py\"", line"
store_read_accounting,E,C-1 ADDITION (not in r4-2),"""<ABSENT>""","{""fine_counts"": {""tstoreread__|splmode|33100"": 146}, ""store_read_log_path"": ""p_konum_plus/calibration/f3_step2_rp1_store_read_log_2026-10-02.csv"", ""store_read_log_rows"": 146, ""store_read_log_sha256"": ""6ae8ea008adf77c2af4e24de646d8c280aad5fbf330e0e6b9cb2f3137a7fafb1"", ""total_rows"": 146}"
tests_run.T-CONTEXT-ID-UNIQUE,E,"rp1 adds T-STORE-READ-ACCOUNTING, T-KEY-NAMESPACE, T-F1-LOADER-SYNTH, T-CONTEXT-ID-UNIQUE, T-INADMISSIBLE-OBSERVABLE, T-NONREG-R4-2 (C-1..C-6 ADDITIONS, rp1 instruction S4)","""<ABSENT>""","{""passed"": true, ""ran"": true}"
tests_run.T-F1-LOADER-SYNTH,E,"rp1 adds T-STORE-READ-ACCOUNTING, T-KEY-NAMESPACE, T-F1-LOADER-SYNTH, T-CONTEXT-ID-UNIQUE, T-INADMISSIBLE-OBSERVABLE, T-NONREG-R4-2 (C-1..C-6 ADDITIONS, rp1 instruction S4)","""<ABSENT>""","{""passed"": true, ""ran"": true}"
tests_run.T-INADMISSIBLE-OBSERVABLE,E,"rp1 adds T-STORE-READ-ACCOUNTING, T-KEY-NAMESPACE, T-F1-LOADER-SYNTH, T-CONTEXT-ID-UNIQUE, T-INADMISSIBLE-OBSERVABLE, T-NONREG-R4-2 (C-1..C-6 ADDITIONS, rp1 instruction S4)","""<ABSENT>""","{""passed"": true, ""ran"": true}"
tests_run.T-KEY-NAMESPACE,E,"rp1 adds T-STORE-READ-ACCOUNTING, T-KEY-NAMESPACE, T-F1-LOADER-SYNTH, T-CONTEXT-ID-UNIQUE, T-INADMISSIBLE-OBSERVABLE, T-NONREG-R4-2 (C-1..C-6 ADDITIONS, rp1 instruction S4)","""<ABSENT>""","{""passed"": true, ""ran"": true}"
tests_run.T-STORE-READ-ACCOUNTING,E,"rp1 adds T-STORE-READ-ACCOUNTING, T-KEY-NAMESPACE, T-F1-LOADER-SYNTH, T-CONTEXT-ID-UNIQUE, T-INADMISSIBLE-OBSERVABLE, T-NONREG-R4-2 (C-1..C-6 ADDITIONS, rp1 instruction S4)","""<ABSENT>""","{""passed"": true, ""ran"": true}"
