fixture,status,changed_keys,r4_1,r4_2
INJ-BOTH-FAIL,IDENTICAL,,,
INJ-C1-FAIL,IDENTICAL,,,
INJ-C2-FLOOR-FAIL,IDENTICAL,,,
INJ-C2-MARGIN-FAIL,IDENTICAL,,,
INJ-C3-FAIL,IDENTICAL,,,
INJ-C3-PHI-UNDEF,IDENTICAL,,,
INJ-C4A-FAIL,IDENTICAL,,,
INJ-C4B-FAIL,IDENTICAL,,,
INJ-C4B-FLOOR-FAIL,IDENTICAL,,,
INJ-C4B-NOREF,IDENTICAL,,,
INJ-C5-FAIL,IDENTICAL,,,
INJ-DP04-4A,IDENTICAL,,,
INJ-DP04-4B,IDENTICAL,,,
INJ-DP04-C1,IDENTICAL,,,
INJ-DP04-C2-DIVERGE,IDENTICAL,,,
INJ-DP04-C3,IDENTICAL,,,
INJ-DP04-C5,IDENTICAL,,,
INJ-DP04-EMPTY-U,IDENTICAL,,,
INJ-DP04-TERMINAL,IDENTICAL,,,
INJ-NAN-STAT,IDENTICAL,,,
INJ-NAN-STAT-C4B,IDENTICAL,,,
INJ-NAN-STAT-C5,IDENTICAL,,,
INJ-NAN-STAT-SPL,IDENTICAL,,,
INJ-ONLY-P01,IDENTICAL,,,
INJ-P03-BOTHFAIL-C4PENDING,IDENTICAL,,,
INJ-P03-C4PENDING-C5FAIL,IDENTICAL,,,
INJ-SEX-SPLIT,IDENTICAL,,,
INJ-SPL-PENDING-FOLD,IDENTICAL,,,
INJ-SPL-PENDING-FULL,IDENTICAL,,,
INJ-SPL-PENDING-PROBE,IDENTICAL,,,
INJ-U-CCFALSE-FINITE,IDENTICAL,,,
INJ-U-POST-CONSTRUCTION-INVALID,IDENTICAL,,,
INJ-U2-RHO-INVALID,IDENTICAL,,,
INJ-U5-C2-INDEPENDENT,IDENTICAL,,,
INJ-U5-SST-INVALID,IDENTICAL,,,
SCEN-A,IDENTICAL,,,
SCEN-B,IDENTICAL,,,
