fixture_id,fixture_class,construction_rule,coefficients_or_parameters,noise_rule,noise_sigma,noise_seed,standardization_rule,mode_idx,mask_context,observed_index_rule,tested_solver_configuration_id,primary_solver,primary_solver_options,primary_success_rule,stage1_postpolish_rule,postpolish_primary_active_set_tol,expansion_trigger,stage2_postpolish_rule,postpolish_expansion_tol,stage3_fallback_solver,stage3_fallback_options,stage3_fallback_x0,stage3_trigger,stage3_acceptance_rule,mode_rejection_rule,reference_construction_rule,reference_certificate_method,reference_active_set_identification_tol,constraint_orientation_convention,multiplier_orientation_convention,spline_kkt_stationarity_tol,spline_feasibility_acceptance_tol,kappa_solver,mode_tolerance_rule,objective_accuracy_rule,qualification_case_acceptance_rule,qualification_suite_acceptance_rule
Q01,near_noiseless_spline_representable,"z = z_ddof0(raw + noise); raw = B @ c; B = clamped cubic B-spline design, knot vector [0,0,0,0, 0.2,0.4,0.6,0.8, 1,1,1,1], 8 basis, 146-point u-grid","c = 0.0, 0.4, 1.2, 2.4, 1.6, 0.8, 0.3, 0.05",none,0.0,none,"z_ddof0: (v - mean(v)) / std(v, ddof=0)",61,full,all 146 indices,SOLVER-A,SLSQP,"ftol=1e-12, maxiter=500, x0 = zero vector of length 8 (feasible origin)","SLSQP success flag AND finite endpoint AND finite objective AND max(0, -min(A @ c)) <= 1e-8",NOT_APPLICABLE,NOT_APPLICABLE,NOT_APPLICABLE,NOT_APPLICABLE,NOT_APPLICABLE,trust-constr,"gtol=1e-10, xtol=1e-14, barrier_tol=1e-12, maxiter=1000",zero vector of length 8 (feasible origin),NOT primary_success_rule,"trust-constr status in {1,2} AND finite endpoint AND finite objective AND max(0, -min(A @ c)) <= 1e-8","if stage3_acceptance == false: mode_idx = NUMERICALLY_INVALID, excluded from equivalent_mode_set; if no numerically valid mode exists: spline_fit_status = FAILURE","dual-NNLS convex QP: H = B_O^T B_O = L L^T; w = L^-1 b; G = L^-1 A^T; lambda* = NNLS(G, -w); c_ref = H^-1 (b + A^T lambda*)",NNLS existence certificate,1e-08,A c >= 0,lambda >= 0,1e-08,1e-08,0.1,mode_tolerance = 1e-12 + 1e-9 * abs(RSS_ref),objective_accuracy_pass = |RSS_solver - RSS_ref| <= kappa_solver * mode_tolerance,"case_acceptance_pass = reference_certified AND objective_accuracy_pass AND feasibility_pass; semantic repeatability: each reference and each tested configuration solved twice in-process, exact repr equality of RSS required","qualification_pass = ALL predeclared cases pass; no averaging, no pass fraction"
Q01,near_noiseless_spline_representable,"z = z_ddof0(raw + noise); raw = B @ c; B = clamped cubic B-spline design, knot vector [0,0,0,0, 0.2,0.4,0.6,0.8, 1,1,1,1], 8 basis, 146-point u-grid","c = 0.0, 0.4, 1.2, 2.4, 1.6, 0.8, 0.3, 0.05",none,0.0,none,"z_ddof0: (v - mean(v)) / std(v, ddof=0)",61,full,all 146 indices,SOLVER-B,trust-constr,"gtol=1e-10, xtol=1e-14, barrier_tol=1e-12, maxiter=1000","trust-constr status in {1,2} AND finite endpoint AND finite objective; endpoint c_tc delivered to stage 1 unconditionally (polish consumes c_tc only through active-set identification)",equality-KKT post-polish using stage1_active_set = {i : |(A @ c_tc)_i| <= 1e-8},1e-08,"NOT accept(stage1_postpolish_endpoint), where accept(c) = all coordinates finite AND max(0, -min(A @ c)) <= 1e-8 AND NNLS_KKT_existence_residual(c, active_set_tol=1e-8) <= 1e-8","equality-KKT post-polish using stage2_active_set = {i : |(A @ c_tc)_i| <= 1e-6}; re-identified from the SAME c_tc, not from the stage-1 endpoint",1e-06,SLSQP,"ftol=1e-12, maxiter=500",zero vector of length 8 (feasible origin),"NOT accept(stage2_postpolish_endpoint), where accept(c) = all coordinates finite AND max(0, -min(A @ c)) <= 1e-8 AND NNLS_KKT_existence_residual(c, active_set_tol=1e-8) <= 1e-8",stage3_acceptance = SLSQP success flag AND finite endpoint AND finite objective AND max_linear_constraint_violation <= 1e-8; stage3_nnls_kkt_required = false,"if stage3_acceptance == false: mode_idx = NUMERICALLY_INVALID, excluded from equivalent_mode_set; if no numerically valid mode exists: spline_fit_status = FAILURE","dual-NNLS convex QP: H = B_O^T B_O = L L^T; w = L^-1 b; G = L^-1 A^T; lambda* = NNLS(G, -w); c_ref = H^-1 (b + A^T lambda*)",NNLS existence certificate,1e-08,A c >= 0,lambda >= 0,1e-08,1e-08,0.1,mode_tolerance = 1e-12 + 1e-9 * abs(RSS_ref),objective_accuracy_pass = |RSS_solver - RSS_ref| <= kappa_solver * mode_tolerance,"case_acceptance_pass = reference_certified AND objective_accuracy_pass AND feasibility_pass; semantic repeatability: each reference and each tested configuration solved twice in-process, exact repr equality of RSS required","qualification_pass = ALL predeclared cases pass; no averaging, no pass fraction"
Q01,near_noiseless_spline_representable,"z = z_ddof0(raw + noise); raw = B @ c; B = clamped cubic B-spline design, knot vector [0,0,0,0, 0.2,0.4,0.6,0.8, 1,1,1,1], 8 basis, 146-point u-grid","c = 0.0, 0.4, 1.2, 2.4, 1.6, 0.8, 0.3, 0.05",none,0.0,none,"z_ddof0: (v - mean(v)) / std(v, ddof=0)",61,full,all 146 indices,SOLVER-C,trust-constr,"gtol=1e-10, xtol=1e-14, barrier_tol=1e-12, maxiter=1000","trust-constr status in {1,2} AND finite endpoint AND finite objective AND max(0, -min(A @ c)) <= 1e-8",NOT_APPLICABLE,NOT_APPLICABLE,NOT_APPLICABLE,NOT_APPLICABLE,NOT_APPLICABLE,NOT_APPLICABLE,NOT_APPLICABLE,NOT_APPLICABLE,NOT_APPLICABLE,NOT_APPLICABLE,"if stage3_acceptance == false: mode_idx = NUMERICALLY_INVALID, excluded from equivalent_mode_set; if no numerically valid mode exists: spline_fit_status = FAILURE","dual-NNLS convex QP: H = B_O^T B_O = L L^T; w = L^-1 b; G = L^-1 A^T; lambda* = NNLS(G, -w); c_ref = H^-1 (b + A^T lambda*)",NNLS existence certificate,1e-08,A c >= 0,lambda >= 0,1e-08,1e-08,0.1,mode_tolerance = 1e-12 + 1e-9 * abs(RSS_ref),objective_accuracy_pass = |RSS_solver - RSS_ref| <= kappa_solver * mode_tolerance,"case_acceptance_pass = reference_certified AND objective_accuracy_pass AND feasibility_pass; semantic repeatability: each reference and each tested configuration solved twice in-process, exact repr equality of RSS required","qualification_pass = ALL predeclared cases pass; no averaging, no pass fraction"
Q02,low_rss_spline_representable,"z = z_ddof0(raw + noise); raw = B @ c; B = clamped cubic B-spline design, knot vector [0,0,0,0, 0.2,0.4,0.6,0.8, 1,1,1,1], 8 basis, 146-point u-grid","c = 0.0, 0.4, 1.2, 2.4, 1.6, 0.8, 0.3, 0.05","numpy PCG64(seed) standard normal * sigma, added to raw before standardization",0.02,20260903,"z_ddof0: (v - mean(v)) / std(v, ddof=0)",61,full,all 146 indices,SOLVER-A,SLSQP,"ftol=1e-12, maxiter=500, x0 = zero vector of length 8 (feasible origin)","SLSQP success flag AND finite endpoint AND finite objective AND max(0, -min(A @ c)) <= 1e-8",NOT_APPLICABLE,NOT_APPLICABLE,NOT_APPLICABLE,NOT_APPLICABLE,NOT_APPLICABLE,trust-constr,"gtol=1e-10, xtol=1e-14, barrier_tol=1e-12, maxiter=1000",zero vector of length 8 (feasible origin),NOT primary_success_rule,"trust-constr status in {1,2} AND finite endpoint AND finite objective AND max(0, -min(A @ c)) <= 1e-8","if stage3_acceptance == false: mode_idx = NUMERICALLY_INVALID, excluded from equivalent_mode_set; if no numerically valid mode exists: spline_fit_status = FAILURE","dual-NNLS convex QP: H = B_O^T B_O = L L^T; w = L^-1 b; G = L^-1 A^T; lambda* = NNLS(G, -w); c_ref = H^-1 (b + A^T lambda*)",NNLS existence certificate,1e-08,A c >= 0,lambda >= 0,1e-08,1e-08,0.1,mode_tolerance = 1e-12 + 1e-9 * abs(RSS_ref),objective_accuracy_pass = |RSS_solver - RSS_ref| <= kappa_solver * mode_tolerance,"case_acceptance_pass = reference_certified AND objective_accuracy_pass AND feasibility_pass; semantic repeatability: each reference and each tested configuration solved twice in-process, exact repr equality of RSS required","qualification_pass = ALL predeclared cases pass; no averaging, no pass fraction"
Q02,low_rss_spline_representable,"z = z_ddof0(raw + noise); raw = B @ c; B = clamped cubic B-spline design, knot vector [0,0,0,0, 0.2,0.4,0.6,0.8, 1,1,1,1], 8 basis, 146-point u-grid","c = 0.0, 0.4, 1.2, 2.4, 1.6, 0.8, 0.3, 0.05","numpy PCG64(seed) standard normal * sigma, added to raw before standardization",0.02,20260903,"z_ddof0: (v - mean(v)) / std(v, ddof=0)",61,full,all 146 indices,SOLVER-B,trust-constr,"gtol=1e-10, xtol=1e-14, barrier_tol=1e-12, maxiter=1000","trust-constr status in {1,2} AND finite endpoint AND finite objective; endpoint c_tc delivered to stage 1 unconditionally (polish consumes c_tc only through active-set identification)",equality-KKT post-polish using stage1_active_set = {i : |(A @ c_tc)_i| <= 1e-8},1e-08,"NOT accept(stage1_postpolish_endpoint), where accept(c) = all coordinates finite AND max(0, -min(A @ c)) <= 1e-8 AND NNLS_KKT_existence_residual(c, active_set_tol=1e-8) <= 1e-8","equality-KKT post-polish using stage2_active_set = {i : |(A @ c_tc)_i| <= 1e-6}; re-identified from the SAME c_tc, not from the stage-1 endpoint",1e-06,SLSQP,"ftol=1e-12, maxiter=500",zero vector of length 8 (feasible origin),"NOT accept(stage2_postpolish_endpoint), where accept(c) = all coordinates finite AND max(0, -min(A @ c)) <= 1e-8 AND NNLS_KKT_existence_residual(c, active_set_tol=1e-8) <= 1e-8",stage3_acceptance = SLSQP success flag AND finite endpoint AND finite objective AND max_linear_constraint_violation <= 1e-8; stage3_nnls_kkt_required = false,"if stage3_acceptance == false: mode_idx = NUMERICALLY_INVALID, excluded from equivalent_mode_set; if no numerically valid mode exists: spline_fit_status = FAILURE","dual-NNLS convex QP: H = B_O^T B_O = L L^T; w = L^-1 b; G = L^-1 A^T; lambda* = NNLS(G, -w); c_ref = H^-1 (b + A^T lambda*)",NNLS existence certificate,1e-08,A c >= 0,lambda >= 0,1e-08,1e-08,0.1,mode_tolerance = 1e-12 + 1e-9 * abs(RSS_ref),objective_accuracy_pass = |RSS_solver - RSS_ref| <= kappa_solver * mode_tolerance,"case_acceptance_pass = reference_certified AND objective_accuracy_pass AND feasibility_pass; semantic repeatability: each reference and each tested configuration solved twice in-process, exact repr equality of RSS required","qualification_pass = ALL predeclared cases pass; no averaging, no pass fraction"
Q02,low_rss_spline_representable,"z = z_ddof0(raw + noise); raw = B @ c; B = clamped cubic B-spline design, knot vector [0,0,0,0, 0.2,0.4,0.6,0.8, 1,1,1,1], 8 basis, 146-point u-grid","c = 0.0, 0.4, 1.2, 2.4, 1.6, 0.8, 0.3, 0.05","numpy PCG64(seed) standard normal * sigma, added to raw before standardization",0.02,20260903,"z_ddof0: (v - mean(v)) / std(v, ddof=0)",61,full,all 146 indices,SOLVER-C,trust-constr,"gtol=1e-10, xtol=1e-14, barrier_tol=1e-12, maxiter=1000","trust-constr status in {1,2} AND finite endpoint AND finite objective AND max(0, -min(A @ c)) <= 1e-8",NOT_APPLICABLE,NOT_APPLICABLE,NOT_APPLICABLE,NOT_APPLICABLE,NOT_APPLICABLE,NOT_APPLICABLE,NOT_APPLICABLE,NOT_APPLICABLE,NOT_APPLICABLE,NOT_APPLICABLE,"if stage3_acceptance == false: mode_idx = NUMERICALLY_INVALID, excluded from equivalent_mode_set; if no numerically valid mode exists: spline_fit_status = FAILURE","dual-NNLS convex QP: H = B_O^T B_O = L L^T; w = L^-1 b; G = L^-1 A^T; lambda* = NNLS(G, -w); c_ref = H^-1 (b + A^T lambda*)",NNLS existence certificate,1e-08,A c >= 0,lambda >= 0,1e-08,1e-08,0.1,mode_tolerance = 1e-12 + 1e-9 * abs(RSS_ref),objective_accuracy_pass = |RSS_solver - RSS_ref| <= kappa_solver * mode_tolerance,"case_acceptance_pass = reference_certified AND objective_accuracy_pass AND feasibility_pass; semantic repeatability: each reference and each tested configuration solved twice in-process, exact repr equality of RSS required","qualification_pass = ALL predeclared cases pass; no averaging, no pass fraction"
Q03,moderate_rss_analytic,z = z_ddof0(raw + noise); raw = analytic bump on u-grid,analytic bump: exp(-(((u - 0.55) / 0.12)^2)) on the 146-point u-grid,"numpy PCG64(seed) standard normal * sigma, added to raw before standardization",0.2,20260904,"z_ddof0: (v - mean(v)) / std(v, ddof=0)",80,full,all 146 indices,SOLVER-A,SLSQP,"ftol=1e-12, maxiter=500, x0 = zero vector of length 8 (feasible origin)","SLSQP success flag AND finite endpoint AND finite objective AND max(0, -min(A @ c)) <= 1e-8",NOT_APPLICABLE,NOT_APPLICABLE,NOT_APPLICABLE,NOT_APPLICABLE,NOT_APPLICABLE,trust-constr,"gtol=1e-10, xtol=1e-14, barrier_tol=1e-12, maxiter=1000",zero vector of length 8 (feasible origin),NOT primary_success_rule,"trust-constr status in {1,2} AND finite endpoint AND finite objective AND max(0, -min(A @ c)) <= 1e-8","if stage3_acceptance == false: mode_idx = NUMERICALLY_INVALID, excluded from equivalent_mode_set; if no numerically valid mode exists: spline_fit_status = FAILURE","dual-NNLS convex QP: H = B_O^T B_O = L L^T; w = L^-1 b; G = L^-1 A^T; lambda* = NNLS(G, -w); c_ref = H^-1 (b + A^T lambda*)",NNLS existence certificate,1e-08,A c >= 0,lambda >= 0,1e-08,1e-08,0.1,mode_tolerance = 1e-12 + 1e-9 * abs(RSS_ref),objective_accuracy_pass = |RSS_solver - RSS_ref| <= kappa_solver * mode_tolerance,"case_acceptance_pass = reference_certified AND objective_accuracy_pass AND feasibility_pass; semantic repeatability: each reference and each tested configuration solved twice in-process, exact repr equality of RSS required","qualification_pass = ALL predeclared cases pass; no averaging, no pass fraction"
Q03,moderate_rss_analytic,z = z_ddof0(raw + noise); raw = analytic bump on u-grid,analytic bump: exp(-(((u - 0.55) / 0.12)^2)) on the 146-point u-grid,"numpy PCG64(seed) standard normal * sigma, added to raw before standardization",0.2,20260904,"z_ddof0: (v - mean(v)) / std(v, ddof=0)",80,full,all 146 indices,SOLVER-B,trust-constr,"gtol=1e-10, xtol=1e-14, barrier_tol=1e-12, maxiter=1000","trust-constr status in {1,2} AND finite endpoint AND finite objective; endpoint c_tc delivered to stage 1 unconditionally (polish consumes c_tc only through active-set identification)",equality-KKT post-polish using stage1_active_set = {i : |(A @ c_tc)_i| <= 1e-8},1e-08,"NOT accept(stage1_postpolish_endpoint), where accept(c) = all coordinates finite AND max(0, -min(A @ c)) <= 1e-8 AND NNLS_KKT_existence_residual(c, active_set_tol=1e-8) <= 1e-8","equality-KKT post-polish using stage2_active_set = {i : |(A @ c_tc)_i| <= 1e-6}; re-identified from the SAME c_tc, not from the stage-1 endpoint",1e-06,SLSQP,"ftol=1e-12, maxiter=500",zero vector of length 8 (feasible origin),"NOT accept(stage2_postpolish_endpoint), where accept(c) = all coordinates finite AND max(0, -min(A @ c)) <= 1e-8 AND NNLS_KKT_existence_residual(c, active_set_tol=1e-8) <= 1e-8",stage3_acceptance = SLSQP success flag AND finite endpoint AND finite objective AND max_linear_constraint_violation <= 1e-8; stage3_nnls_kkt_required = false,"if stage3_acceptance == false: mode_idx = NUMERICALLY_INVALID, excluded from equivalent_mode_set; if no numerically valid mode exists: spline_fit_status = FAILURE","dual-NNLS convex QP: H = B_O^T B_O = L L^T; w = L^-1 b; G = L^-1 A^T; lambda* = NNLS(G, -w); c_ref = H^-1 (b + A^T lambda*)",NNLS existence certificate,1e-08,A c >= 0,lambda >= 0,1e-08,1e-08,0.1,mode_tolerance = 1e-12 + 1e-9 * abs(RSS_ref),objective_accuracy_pass = |RSS_solver - RSS_ref| <= kappa_solver * mode_tolerance,"case_acceptance_pass = reference_certified AND objective_accuracy_pass AND feasibility_pass; semantic repeatability: each reference and each tested configuration solved twice in-process, exact repr equality of RSS required","qualification_pass = ALL predeclared cases pass; no averaging, no pass fraction"
Q03,moderate_rss_analytic,z = z_ddof0(raw + noise); raw = analytic bump on u-grid,analytic bump: exp(-(((u - 0.55) / 0.12)^2)) on the 146-point u-grid,"numpy PCG64(seed) standard normal * sigma, added to raw before standardization",0.2,20260904,"z_ddof0: (v - mean(v)) / std(v, ddof=0)",80,full,all 146 indices,SOLVER-C,trust-constr,"gtol=1e-10, xtol=1e-14, barrier_tol=1e-12, maxiter=1000","trust-constr status in {1,2} AND finite endpoint AND finite objective AND max(0, -min(A @ c)) <= 1e-8",NOT_APPLICABLE,NOT_APPLICABLE,NOT_APPLICABLE,NOT_APPLICABLE,NOT_APPLICABLE,NOT_APPLICABLE,NOT_APPLICABLE,NOT_APPLICABLE,NOT_APPLICABLE,NOT_APPLICABLE,"if stage3_acceptance == false: mode_idx = NUMERICALLY_INVALID, excluded from equivalent_mode_set; if no numerically valid mode exists: spline_fit_status = FAILURE","dual-NNLS convex QP: H = B_O^T B_O = L L^T; w = L^-1 b; G = L^-1 A^T; lambda* = NNLS(G, -w); c_ref = H^-1 (b + A^T lambda*)",NNLS existence certificate,1e-08,A c >= 0,lambda >= 0,1e-08,1e-08,0.1,mode_tolerance = 1e-12 + 1e-9 * abs(RSS_ref),objective_accuracy_pass = |RSS_solver - RSS_ref| <= kappa_solver * mode_tolerance,"case_acceptance_pass = reference_certified AND objective_accuracy_pass AND feasibility_pass; semantic repeatability: each reference and each tested configuration solved twice in-process, exact repr equality of RSS required","qualification_pass = ALL predeclared cases pass; no averaging, no pass fraction"
Q04,high_rss_analytic,z = z_ddof0(raw + noise); raw = analytic bump on u-grid,analytic bump: exp(-(((u - 0.55) / 0.12)^2)) on the 146-point u-grid,"numpy PCG64(seed) standard normal * sigma, added to raw before standardization",1.0,20260905,"z_ddof0: (v - mean(v)) / std(v, ddof=0)",80,full,all 146 indices,SOLVER-A,SLSQP,"ftol=1e-12, maxiter=500, x0 = zero vector of length 8 (feasible origin)","SLSQP success flag AND finite endpoint AND finite objective AND max(0, -min(A @ c)) <= 1e-8",NOT_APPLICABLE,NOT_APPLICABLE,NOT_APPLICABLE,NOT_APPLICABLE,NOT_APPLICABLE,trust-constr,"gtol=1e-10, xtol=1e-14, barrier_tol=1e-12, maxiter=1000",zero vector of length 8 (feasible origin),NOT primary_success_rule,"trust-constr status in {1,2} AND finite endpoint AND finite objective AND max(0, -min(A @ c)) <= 1e-8","if stage3_acceptance == false: mode_idx = NUMERICALLY_INVALID, excluded from equivalent_mode_set; if no numerically valid mode exists: spline_fit_status = FAILURE","dual-NNLS convex QP: H = B_O^T B_O = L L^T; w = L^-1 b; G = L^-1 A^T; lambda* = NNLS(G, -w); c_ref = H^-1 (b + A^T lambda*)",NNLS existence certificate,1e-08,A c >= 0,lambda >= 0,1e-08,1e-08,0.1,mode_tolerance = 1e-12 + 1e-9 * abs(RSS_ref),objective_accuracy_pass = |RSS_solver - RSS_ref| <= kappa_solver * mode_tolerance,"case_acceptance_pass = reference_certified AND objective_accuracy_pass AND feasibility_pass; semantic repeatability: each reference and each tested configuration solved twice in-process, exact repr equality of RSS required","qualification_pass = ALL predeclared cases pass; no averaging, no pass fraction"
Q04,high_rss_analytic,z = z_ddof0(raw + noise); raw = analytic bump on u-grid,analytic bump: exp(-(((u - 0.55) / 0.12)^2)) on the 146-point u-grid,"numpy PCG64(seed) standard normal * sigma, added to raw before standardization",1.0,20260905,"z_ddof0: (v - mean(v)) / std(v, ddof=0)",80,full,all 146 indices,SOLVER-B,trust-constr,"gtol=1e-10, xtol=1e-14, barrier_tol=1e-12, maxiter=1000","trust-constr status in {1,2} AND finite endpoint AND finite objective; endpoint c_tc delivered to stage 1 unconditionally (polish consumes c_tc only through active-set identification)",equality-KKT post-polish using stage1_active_set = {i : |(A @ c_tc)_i| <= 1e-8},1e-08,"NOT accept(stage1_postpolish_endpoint), where accept(c) = all coordinates finite AND max(0, -min(A @ c)) <= 1e-8 AND NNLS_KKT_existence_residual(c, active_set_tol=1e-8) <= 1e-8","equality-KKT post-polish using stage2_active_set = {i : |(A @ c_tc)_i| <= 1e-6}; re-identified from the SAME c_tc, not from the stage-1 endpoint",1e-06,SLSQP,"ftol=1e-12, maxiter=500",zero vector of length 8 (feasible origin),"NOT accept(stage2_postpolish_endpoint), where accept(c) = all coordinates finite AND max(0, -min(A @ c)) <= 1e-8 AND NNLS_KKT_existence_residual(c, active_set_tol=1e-8) <= 1e-8",stage3_acceptance = SLSQP success flag AND finite endpoint AND finite objective AND max_linear_constraint_violation <= 1e-8; stage3_nnls_kkt_required = false,"if stage3_acceptance == false: mode_idx = NUMERICALLY_INVALID, excluded from equivalent_mode_set; if no numerically valid mode exists: spline_fit_status = FAILURE","dual-NNLS convex QP: H = B_O^T B_O = L L^T; w = L^-1 b; G = L^-1 A^T; lambda* = NNLS(G, -w); c_ref = H^-1 (b + A^T lambda*)",NNLS existence certificate,1e-08,A c >= 0,lambda >= 0,1e-08,1e-08,0.1,mode_tolerance = 1e-12 + 1e-9 * abs(RSS_ref),objective_accuracy_pass = |RSS_solver - RSS_ref| <= kappa_solver * mode_tolerance,"case_acceptance_pass = reference_certified AND objective_accuracy_pass AND feasibility_pass; semantic repeatability: each reference and each tested configuration solved twice in-process, exact repr equality of RSS required","qualification_pass = ALL predeclared cases pass; no averaging, no pass fraction"
Q04,high_rss_analytic,z = z_ddof0(raw + noise); raw = analytic bump on u-grid,analytic bump: exp(-(((u - 0.55) / 0.12)^2)) on the 146-point u-grid,"numpy PCG64(seed) standard normal * sigma, added to raw before standardization",1.0,20260905,"z_ddof0: (v - mean(v)) / std(v, ddof=0)",80,full,all 146 indices,SOLVER-C,trust-constr,"gtol=1e-10, xtol=1e-14, barrier_tol=1e-12, maxiter=1000","trust-constr status in {1,2} AND finite endpoint AND finite objective AND max(0, -min(A @ c)) <= 1e-8",NOT_APPLICABLE,NOT_APPLICABLE,NOT_APPLICABLE,NOT_APPLICABLE,NOT_APPLICABLE,NOT_APPLICABLE,NOT_APPLICABLE,NOT_APPLICABLE,NOT_APPLICABLE,NOT_APPLICABLE,"if stage3_acceptance == false: mode_idx = NUMERICALLY_INVALID, excluded from equivalent_mode_set; if no numerically valid mode exists: spline_fit_status = FAILURE","dual-NNLS convex QP: H = B_O^T B_O = L L^T; w = L^-1 b; G = L^-1 A^T; lambda* = NNLS(G, -w); c_ref = H^-1 (b + A^T lambda*)",NNLS existence certificate,1e-08,A c >= 0,lambda >= 0,1e-08,1e-08,0.1,mode_tolerance = 1e-12 + 1e-9 * abs(RSS_ref),objective_accuracy_pass = |RSS_solver - RSS_ref| <= kappa_solver * mode_tolerance,"case_acceptance_pass = reference_certified AND objective_accuracy_pass AND feasibility_pass; semantic repeatability: each reference and each tested configuration solved twice in-process, exact repr equality of RSS required","qualification_pass = ALL predeclared cases pass; no averaging, no pass fraction"
Q05,boundary_mode_0,"z = z_ddof0(raw + noise); raw = B @ c; B = clamped cubic B-spline design, knot vector [0,0,0,0, 0.2,0.4,0.6,0.8, 1,1,1,1], 8 basis, 146-point u-grid","c = 3.0, 2.2, 1.5, 1.0, 0.6, 0.35, 0.15, 0.0","numpy PCG64(seed) standard normal * sigma, added to raw before standardization",0.05,20260906,"z_ddof0: (v - mean(v)) / std(v, ddof=0)",0,full,all 146 indices,SOLVER-A,SLSQP,"ftol=1e-12, maxiter=500, x0 = zero vector of length 8 (feasible origin)","SLSQP success flag AND finite endpoint AND finite objective AND max(0, -min(A @ c)) <= 1e-8",NOT_APPLICABLE,NOT_APPLICABLE,NOT_APPLICABLE,NOT_APPLICABLE,NOT_APPLICABLE,trust-constr,"gtol=1e-10, xtol=1e-14, barrier_tol=1e-12, maxiter=1000",zero vector of length 8 (feasible origin),NOT primary_success_rule,"trust-constr status in {1,2} AND finite endpoint AND finite objective AND max(0, -min(A @ c)) <= 1e-8","if stage3_acceptance == false: mode_idx = NUMERICALLY_INVALID, excluded from equivalent_mode_set; if no numerically valid mode exists: spline_fit_status = FAILURE","dual-NNLS convex QP: H = B_O^T B_O = L L^T; w = L^-1 b; G = L^-1 A^T; lambda* = NNLS(G, -w); c_ref = H^-1 (b + A^T lambda*)",NNLS existence certificate,1e-08,A c >= 0,lambda >= 0,1e-08,1e-08,0.1,mode_tolerance = 1e-12 + 1e-9 * abs(RSS_ref),objective_accuracy_pass = |RSS_solver - RSS_ref| <= kappa_solver * mode_tolerance,"case_acceptance_pass = reference_certified AND objective_accuracy_pass AND feasibility_pass; semantic repeatability: each reference and each tested configuration solved twice in-process, exact repr equality of RSS required","qualification_pass = ALL predeclared cases pass; no averaging, no pass fraction"
Q05,boundary_mode_0,"z = z_ddof0(raw + noise); raw = B @ c; B = clamped cubic B-spline design, knot vector [0,0,0,0, 0.2,0.4,0.6,0.8, 1,1,1,1], 8 basis, 146-point u-grid","c = 3.0, 2.2, 1.5, 1.0, 0.6, 0.35, 0.15, 0.0","numpy PCG64(seed) standard normal * sigma, added to raw before standardization",0.05,20260906,"z_ddof0: (v - mean(v)) / std(v, ddof=0)",0,full,all 146 indices,SOLVER-B,trust-constr,"gtol=1e-10, xtol=1e-14, barrier_tol=1e-12, maxiter=1000","trust-constr status in {1,2} AND finite endpoint AND finite objective; endpoint c_tc delivered to stage 1 unconditionally (polish consumes c_tc only through active-set identification)",equality-KKT post-polish using stage1_active_set = {i : |(A @ c_tc)_i| <= 1e-8},1e-08,"NOT accept(stage1_postpolish_endpoint), where accept(c) = all coordinates finite AND max(0, -min(A @ c)) <= 1e-8 AND NNLS_KKT_existence_residual(c, active_set_tol=1e-8) <= 1e-8","equality-KKT post-polish using stage2_active_set = {i : |(A @ c_tc)_i| <= 1e-6}; re-identified from the SAME c_tc, not from the stage-1 endpoint",1e-06,SLSQP,"ftol=1e-12, maxiter=500",zero vector of length 8 (feasible origin),"NOT accept(stage2_postpolish_endpoint), where accept(c) = all coordinates finite AND max(0, -min(A @ c)) <= 1e-8 AND NNLS_KKT_existence_residual(c, active_set_tol=1e-8) <= 1e-8",stage3_acceptance = SLSQP success flag AND finite endpoint AND finite objective AND max_linear_constraint_violation <= 1e-8; stage3_nnls_kkt_required = false,"if stage3_acceptance == false: mode_idx = NUMERICALLY_INVALID, excluded from equivalent_mode_set; if no numerically valid mode exists: spline_fit_status = FAILURE","dual-NNLS convex QP: H = B_O^T B_O = L L^T; w = L^-1 b; G = L^-1 A^T; lambda* = NNLS(G, -w); c_ref = H^-1 (b + A^T lambda*)",NNLS existence certificate,1e-08,A c >= 0,lambda >= 0,1e-08,1e-08,0.1,mode_tolerance = 1e-12 + 1e-9 * abs(RSS_ref),objective_accuracy_pass = |RSS_solver - RSS_ref| <= kappa_solver * mode_tolerance,"case_acceptance_pass = reference_certified AND objective_accuracy_pass AND feasibility_pass; semantic repeatability: each reference and each tested configuration solved twice in-process, exact repr equality of RSS required","qualification_pass = ALL predeclared cases pass; no averaging, no pass fraction"
Q05,boundary_mode_0,"z = z_ddof0(raw + noise); raw = B @ c; B = clamped cubic B-spline design, knot vector [0,0,0,0, 0.2,0.4,0.6,0.8, 1,1,1,1], 8 basis, 146-point u-grid","c = 3.0, 2.2, 1.5, 1.0, 0.6, 0.35, 0.15, 0.0","numpy PCG64(seed) standard normal * sigma, added to raw before standardization",0.05,20260906,"z_ddof0: (v - mean(v)) / std(v, ddof=0)",0,full,all 146 indices,SOLVER-C,trust-constr,"gtol=1e-10, xtol=1e-14, barrier_tol=1e-12, maxiter=1000","trust-constr status in {1,2} AND finite endpoint AND finite objective AND max(0, -min(A @ c)) <= 1e-8",NOT_APPLICABLE,NOT_APPLICABLE,NOT_APPLICABLE,NOT_APPLICABLE,NOT_APPLICABLE,NOT_APPLICABLE,NOT_APPLICABLE,NOT_APPLICABLE,NOT_APPLICABLE,NOT_APPLICABLE,"if stage3_acceptance == false: mode_idx = NUMERICALLY_INVALID, excluded from equivalent_mode_set; if no numerically valid mode exists: spline_fit_status = FAILURE","dual-NNLS convex QP: H = B_O^T B_O = L L^T; w = L^-1 b; G = L^-1 A^T; lambda* = NNLS(G, -w); c_ref = H^-1 (b + A^T lambda*)",NNLS existence certificate,1e-08,A c >= 0,lambda >= 0,1e-08,1e-08,0.1,mode_tolerance = 1e-12 + 1e-9 * abs(RSS_ref),objective_accuracy_pass = |RSS_solver - RSS_ref| <= kappa_solver * mode_tolerance,"case_acceptance_pass = reference_certified AND objective_accuracy_pass AND feasibility_pass; semantic repeatability: each reference and each tested configuration solved twice in-process, exact repr equality of RSS required","qualification_pass = ALL predeclared cases pass; no averaging, no pass fraction"
Q06,boundary_mode_145,"z = z_ddof0(raw + noise); raw = B @ c; B = clamped cubic B-spline design, knot vector [0,0,0,0, 0.2,0.4,0.6,0.8, 1,1,1,1], 8 basis, 146-point u-grid","c = 0.0, 0.15, 0.35, 0.6, 1.0, 1.5, 2.2, 3.0","numpy PCG64(seed) standard normal * sigma, added to raw before standardization",0.05,20260907,"z_ddof0: (v - mean(v)) / std(v, ddof=0)",145,full,all 146 indices,SOLVER-A,SLSQP,"ftol=1e-12, maxiter=500, x0 = zero vector of length 8 (feasible origin)","SLSQP success flag AND finite endpoint AND finite objective AND max(0, -min(A @ c)) <= 1e-8",NOT_APPLICABLE,NOT_APPLICABLE,NOT_APPLICABLE,NOT_APPLICABLE,NOT_APPLICABLE,trust-constr,"gtol=1e-10, xtol=1e-14, barrier_tol=1e-12, maxiter=1000",zero vector of length 8 (feasible origin),NOT primary_success_rule,"trust-constr status in {1,2} AND finite endpoint AND finite objective AND max(0, -min(A @ c)) <= 1e-8","if stage3_acceptance == false: mode_idx = NUMERICALLY_INVALID, excluded from equivalent_mode_set; if no numerically valid mode exists: spline_fit_status = FAILURE","dual-NNLS convex QP: H = B_O^T B_O = L L^T; w = L^-1 b; G = L^-1 A^T; lambda* = NNLS(G, -w); c_ref = H^-1 (b + A^T lambda*)",NNLS existence certificate,1e-08,A c >= 0,lambda >= 0,1e-08,1e-08,0.1,mode_tolerance = 1e-12 + 1e-9 * abs(RSS_ref),objective_accuracy_pass = |RSS_solver - RSS_ref| <= kappa_solver * mode_tolerance,"case_acceptance_pass = reference_certified AND objective_accuracy_pass AND feasibility_pass; semantic repeatability: each reference and each tested configuration solved twice in-process, exact repr equality of RSS required","qualification_pass = ALL predeclared cases pass; no averaging, no pass fraction"
Q06,boundary_mode_145,"z = z_ddof0(raw + noise); raw = B @ c; B = clamped cubic B-spline design, knot vector [0,0,0,0, 0.2,0.4,0.6,0.8, 1,1,1,1], 8 basis, 146-point u-grid","c = 0.0, 0.15, 0.35, 0.6, 1.0, 1.5, 2.2, 3.0","numpy PCG64(seed) standard normal * sigma, added to raw before standardization",0.05,20260907,"z_ddof0: (v - mean(v)) / std(v, ddof=0)",145,full,all 146 indices,SOLVER-B,trust-constr,"gtol=1e-10, xtol=1e-14, barrier_tol=1e-12, maxiter=1000","trust-constr status in {1,2} AND finite endpoint AND finite objective; endpoint c_tc delivered to stage 1 unconditionally (polish consumes c_tc only through active-set identification)",equality-KKT post-polish using stage1_active_set = {i : |(A @ c_tc)_i| <= 1e-8},1e-08,"NOT accept(stage1_postpolish_endpoint), where accept(c) = all coordinates finite AND max(0, -min(A @ c)) <= 1e-8 AND NNLS_KKT_existence_residual(c, active_set_tol=1e-8) <= 1e-8","equality-KKT post-polish using stage2_active_set = {i : |(A @ c_tc)_i| <= 1e-6}; re-identified from the SAME c_tc, not from the stage-1 endpoint",1e-06,SLSQP,"ftol=1e-12, maxiter=500",zero vector of length 8 (feasible origin),"NOT accept(stage2_postpolish_endpoint), where accept(c) = all coordinates finite AND max(0, -min(A @ c)) <= 1e-8 AND NNLS_KKT_existence_residual(c, active_set_tol=1e-8) <= 1e-8",stage3_acceptance = SLSQP success flag AND finite endpoint AND finite objective AND max_linear_constraint_violation <= 1e-8; stage3_nnls_kkt_required = false,"if stage3_acceptance == false: mode_idx = NUMERICALLY_INVALID, excluded from equivalent_mode_set; if no numerically valid mode exists: spline_fit_status = FAILURE","dual-NNLS convex QP: H = B_O^T B_O = L L^T; w = L^-1 b; G = L^-1 A^T; lambda* = NNLS(G, -w); c_ref = H^-1 (b + A^T lambda*)",NNLS existence certificate,1e-08,A c >= 0,lambda >= 0,1e-08,1e-08,0.1,mode_tolerance = 1e-12 + 1e-9 * abs(RSS_ref),objective_accuracy_pass = |RSS_solver - RSS_ref| <= kappa_solver * mode_tolerance,"case_acceptance_pass = reference_certified AND objective_accuracy_pass AND feasibility_pass; semantic repeatability: each reference and each tested configuration solved twice in-process, exact repr equality of RSS required","qualification_pass = ALL predeclared cases pass; no averaging, no pass fraction"
Q06,boundary_mode_145,"z = z_ddof0(raw + noise); raw = B @ c; B = clamped cubic B-spline design, knot vector [0,0,0,0, 0.2,0.4,0.6,0.8, 1,1,1,1], 8 basis, 146-point u-grid","c = 0.0, 0.15, 0.35, 0.6, 1.0, 1.5, 2.2, 3.0","numpy PCG64(seed) standard normal * sigma, added to raw before standardization",0.05,20260907,"z_ddof0: (v - mean(v)) / std(v, ddof=0)",145,full,all 146 indices,SOLVER-C,trust-constr,"gtol=1e-10, xtol=1e-14, barrier_tol=1e-12, maxiter=1000","trust-constr status in {1,2} AND finite endpoint AND finite objective AND max(0, -min(A @ c)) <= 1e-8",NOT_APPLICABLE,NOT_APPLICABLE,NOT_APPLICABLE,NOT_APPLICABLE,NOT_APPLICABLE,NOT_APPLICABLE,NOT_APPLICABLE,NOT_APPLICABLE,NOT_APPLICABLE,NOT_APPLICABLE,"if stage3_acceptance == false: mode_idx = NUMERICALLY_INVALID, excluded from equivalent_mode_set; if no numerically valid mode exists: spline_fit_status = FAILURE","dual-NNLS convex QP: H = B_O^T B_O = L L^T; w = L^-1 b; G = L^-1 A^T; lambda* = NNLS(G, -w); c_ref = H^-1 (b + A^T lambda*)",NNLS existence certificate,1e-08,A c >= 0,lambda >= 0,1e-08,1e-08,0.1,mode_tolerance = 1e-12 + 1e-9 * abs(RSS_ref),objective_accuracy_pass = |RSS_solver - RSS_ref| <= kappa_solver * mode_tolerance,"case_acceptance_pass = reference_certified AND objective_accuracy_pass AND feasibility_pass; semantic repeatability: each reference and each tested configuration solved twice in-process, exact repr equality of RSS required","qualification_pass = ALL predeclared cases pass; no averaging, no pass fraction"
Q07,interior_masked_context,z = z_ddof0(raw + noise); raw = analytic bump on u-grid,analytic bump: exp(-(((u - 0.55) / 0.12)^2)) on the 146-point u-grid,"numpy PCG64(seed) standard normal * sigma, added to raw before standardization",0.2,20260908,"z_ddof0: (v - mean(v)) / std(v, ddof=0)",80,interior_mask,"indices [0,58) union [87,146)",SOLVER-A,SLSQP,"ftol=1e-12, maxiter=500, x0 = zero vector of length 8 (feasible origin)","SLSQP success flag AND finite endpoint AND finite objective AND max(0, -min(A @ c)) <= 1e-8",NOT_APPLICABLE,NOT_APPLICABLE,NOT_APPLICABLE,NOT_APPLICABLE,NOT_APPLICABLE,trust-constr,"gtol=1e-10, xtol=1e-14, barrier_tol=1e-12, maxiter=1000",zero vector of length 8 (feasible origin),NOT primary_success_rule,"trust-constr status in {1,2} AND finite endpoint AND finite objective AND max(0, -min(A @ c)) <= 1e-8","if stage3_acceptance == false: mode_idx = NUMERICALLY_INVALID, excluded from equivalent_mode_set; if no numerically valid mode exists: spline_fit_status = FAILURE","dual-NNLS convex QP: H = B_O^T B_O = L L^T; w = L^-1 b; G = L^-1 A^T; lambda* = NNLS(G, -w); c_ref = H^-1 (b + A^T lambda*)",NNLS existence certificate,1e-08,A c >= 0,lambda >= 0,1e-08,1e-08,0.1,mode_tolerance = 1e-12 + 1e-9 * abs(RSS_ref),objective_accuracy_pass = |RSS_solver - RSS_ref| <= kappa_solver * mode_tolerance,"case_acceptance_pass = reference_certified AND objective_accuracy_pass AND feasibility_pass; semantic repeatability: each reference and each tested configuration solved twice in-process, exact repr equality of RSS required","qualification_pass = ALL predeclared cases pass; no averaging, no pass fraction"
Q07,interior_masked_context,z = z_ddof0(raw + noise); raw = analytic bump on u-grid,analytic bump: exp(-(((u - 0.55) / 0.12)^2)) on the 146-point u-grid,"numpy PCG64(seed) standard normal * sigma, added to raw before standardization",0.2,20260908,"z_ddof0: (v - mean(v)) / std(v, ddof=0)",80,interior_mask,"indices [0,58) union [87,146)",SOLVER-B,trust-constr,"gtol=1e-10, xtol=1e-14, barrier_tol=1e-12, maxiter=1000","trust-constr status in {1,2} AND finite endpoint AND finite objective; endpoint c_tc delivered to stage 1 unconditionally (polish consumes c_tc only through active-set identification)",equality-KKT post-polish using stage1_active_set = {i : |(A @ c_tc)_i| <= 1e-8},1e-08,"NOT accept(stage1_postpolish_endpoint), where accept(c) = all coordinates finite AND max(0, -min(A @ c)) <= 1e-8 AND NNLS_KKT_existence_residual(c, active_set_tol=1e-8) <= 1e-8","equality-KKT post-polish using stage2_active_set = {i : |(A @ c_tc)_i| <= 1e-6}; re-identified from the SAME c_tc, not from the stage-1 endpoint",1e-06,SLSQP,"ftol=1e-12, maxiter=500",zero vector of length 8 (feasible origin),"NOT accept(stage2_postpolish_endpoint), where accept(c) = all coordinates finite AND max(0, -min(A @ c)) <= 1e-8 AND NNLS_KKT_existence_residual(c, active_set_tol=1e-8) <= 1e-8",stage3_acceptance = SLSQP success flag AND finite endpoint AND finite objective AND max_linear_constraint_violation <= 1e-8; stage3_nnls_kkt_required = false,"if stage3_acceptance == false: mode_idx = NUMERICALLY_INVALID, excluded from equivalent_mode_set; if no numerically valid mode exists: spline_fit_status = FAILURE","dual-NNLS convex QP: H = B_O^T B_O = L L^T; w = L^-1 b; G = L^-1 A^T; lambda* = NNLS(G, -w); c_ref = H^-1 (b + A^T lambda*)",NNLS existence certificate,1e-08,A c >= 0,lambda >= 0,1e-08,1e-08,0.1,mode_tolerance = 1e-12 + 1e-9 * abs(RSS_ref),objective_accuracy_pass = |RSS_solver - RSS_ref| <= kappa_solver * mode_tolerance,"case_acceptance_pass = reference_certified AND objective_accuracy_pass AND feasibility_pass; semantic repeatability: each reference and each tested configuration solved twice in-process, exact repr equality of RSS required","qualification_pass = ALL predeclared cases pass; no averaging, no pass fraction"
Q07,interior_masked_context,z = z_ddof0(raw + noise); raw = analytic bump on u-grid,analytic bump: exp(-(((u - 0.55) / 0.12)^2)) on the 146-point u-grid,"numpy PCG64(seed) standard normal * sigma, added to raw before standardization",0.2,20260908,"z_ddof0: (v - mean(v)) / std(v, ddof=0)",80,interior_mask,"indices [0,58) union [87,146)",SOLVER-C,trust-constr,"gtol=1e-10, xtol=1e-14, barrier_tol=1e-12, maxiter=1000","trust-constr status in {1,2} AND finite endpoint AND finite objective AND max(0, -min(A @ c)) <= 1e-8",NOT_APPLICABLE,NOT_APPLICABLE,NOT_APPLICABLE,NOT_APPLICABLE,NOT_APPLICABLE,NOT_APPLICABLE,NOT_APPLICABLE,NOT_APPLICABLE,NOT_APPLICABLE,NOT_APPLICABLE,"if stage3_acceptance == false: mode_idx = NUMERICALLY_INVALID, excluded from equivalent_mode_set; if no numerically valid mode exists: spline_fit_status = FAILURE","dual-NNLS convex QP: H = B_O^T B_O = L L^T; w = L^-1 b; G = L^-1 A^T; lambda* = NNLS(G, -w); c_ref = H^-1 (b + A^T lambda*)",NNLS existence certificate,1e-08,A c >= 0,lambda >= 0,1e-08,1e-08,0.1,mode_tolerance = 1e-12 + 1e-9 * abs(RSS_ref),objective_accuracy_pass = |RSS_solver - RSS_ref| <= kappa_solver * mode_tolerance,"case_acceptance_pass = reference_certified AND objective_accuracy_pass AND feasibility_pass; semantic repeatability: each reference and each tested configuration solved twice in-process, exact repr equality of RSS required","qualification_pass = ALL predeclared cases pass; no averaging, no pass fraction"
Q08,left_edge_masked_context,z = z_ddof0(raw + noise); raw = analytic bump on u-grid,analytic bump: exp(-(((u - 0.55) / 0.12)^2)) on the 146-point u-grid,"numpy PCG64(seed) standard normal * sigma, added to raw before standardization",0.2,20260909,"z_ddof0: (v - mean(v)) / std(v, ddof=0)",80,left_edge_mask,"indices [15,146)",SOLVER-A,SLSQP,"ftol=1e-12, maxiter=500, x0 = zero vector of length 8 (feasible origin)","SLSQP success flag AND finite endpoint AND finite objective AND max(0, -min(A @ c)) <= 1e-8",NOT_APPLICABLE,NOT_APPLICABLE,NOT_APPLICABLE,NOT_APPLICABLE,NOT_APPLICABLE,trust-constr,"gtol=1e-10, xtol=1e-14, barrier_tol=1e-12, maxiter=1000",zero vector of length 8 (feasible origin),NOT primary_success_rule,"trust-constr status in {1,2} AND finite endpoint AND finite objective AND max(0, -min(A @ c)) <= 1e-8","if stage3_acceptance == false: mode_idx = NUMERICALLY_INVALID, excluded from equivalent_mode_set; if no numerically valid mode exists: spline_fit_status = FAILURE","dual-NNLS convex QP: H = B_O^T B_O = L L^T; w = L^-1 b; G = L^-1 A^T; lambda* = NNLS(G, -w); c_ref = H^-1 (b + A^T lambda*)",NNLS existence certificate,1e-08,A c >= 0,lambda >= 0,1e-08,1e-08,0.1,mode_tolerance = 1e-12 + 1e-9 * abs(RSS_ref),objective_accuracy_pass = |RSS_solver - RSS_ref| <= kappa_solver * mode_tolerance,"case_acceptance_pass = reference_certified AND objective_accuracy_pass AND feasibility_pass; semantic repeatability: each reference and each tested configuration solved twice in-process, exact repr equality of RSS required","qualification_pass = ALL predeclared cases pass; no averaging, no pass fraction"
Q08,left_edge_masked_context,z = z_ddof0(raw + noise); raw = analytic bump on u-grid,analytic bump: exp(-(((u - 0.55) / 0.12)^2)) on the 146-point u-grid,"numpy PCG64(seed) standard normal * sigma, added to raw before standardization",0.2,20260909,"z_ddof0: (v - mean(v)) / std(v, ddof=0)",80,left_edge_mask,"indices [15,146)",SOLVER-B,trust-constr,"gtol=1e-10, xtol=1e-14, barrier_tol=1e-12, maxiter=1000","trust-constr status in {1,2} AND finite endpoint AND finite objective; endpoint c_tc delivered to stage 1 unconditionally (polish consumes c_tc only through active-set identification)",equality-KKT post-polish using stage1_active_set = {i : |(A @ c_tc)_i| <= 1e-8},1e-08,"NOT accept(stage1_postpolish_endpoint), where accept(c) = all coordinates finite AND max(0, -min(A @ c)) <= 1e-8 AND NNLS_KKT_existence_residual(c, active_set_tol=1e-8) <= 1e-8","equality-KKT post-polish using stage2_active_set = {i : |(A @ c_tc)_i| <= 1e-6}; re-identified from the SAME c_tc, not from the stage-1 endpoint",1e-06,SLSQP,"ftol=1e-12, maxiter=500",zero vector of length 8 (feasible origin),"NOT accept(stage2_postpolish_endpoint), where accept(c) = all coordinates finite AND max(0, -min(A @ c)) <= 1e-8 AND NNLS_KKT_existence_residual(c, active_set_tol=1e-8) <= 1e-8",stage3_acceptance = SLSQP success flag AND finite endpoint AND finite objective AND max_linear_constraint_violation <= 1e-8; stage3_nnls_kkt_required = false,"if stage3_acceptance == false: mode_idx = NUMERICALLY_INVALID, excluded from equivalent_mode_set; if no numerically valid mode exists: spline_fit_status = FAILURE","dual-NNLS convex QP: H = B_O^T B_O = L L^T; w = L^-1 b; G = L^-1 A^T; lambda* = NNLS(G, -w); c_ref = H^-1 (b + A^T lambda*)",NNLS existence certificate,1e-08,A c >= 0,lambda >= 0,1e-08,1e-08,0.1,mode_tolerance = 1e-12 + 1e-9 * abs(RSS_ref),objective_accuracy_pass = |RSS_solver - RSS_ref| <= kappa_solver * mode_tolerance,"case_acceptance_pass = reference_certified AND objective_accuracy_pass AND feasibility_pass; semantic repeatability: each reference and each tested configuration solved twice in-process, exact repr equality of RSS required","qualification_pass = ALL predeclared cases pass; no averaging, no pass fraction"
Q08,left_edge_masked_context,z = z_ddof0(raw + noise); raw = analytic bump on u-grid,analytic bump: exp(-(((u - 0.55) / 0.12)^2)) on the 146-point u-grid,"numpy PCG64(seed) standard normal * sigma, added to raw before standardization",0.2,20260909,"z_ddof0: (v - mean(v)) / std(v, ddof=0)",80,left_edge_mask,"indices [15,146)",SOLVER-C,trust-constr,"gtol=1e-10, xtol=1e-14, barrier_tol=1e-12, maxiter=1000","trust-constr status in {1,2} AND finite endpoint AND finite objective AND max(0, -min(A @ c)) <= 1e-8",NOT_APPLICABLE,NOT_APPLICABLE,NOT_APPLICABLE,NOT_APPLICABLE,NOT_APPLICABLE,NOT_APPLICABLE,NOT_APPLICABLE,NOT_APPLICABLE,NOT_APPLICABLE,NOT_APPLICABLE,"if stage3_acceptance == false: mode_idx = NUMERICALLY_INVALID, excluded from equivalent_mode_set; if no numerically valid mode exists: spline_fit_status = FAILURE","dual-NNLS convex QP: H = B_O^T B_O = L L^T; w = L^-1 b; G = L^-1 A^T; lambda* = NNLS(G, -w); c_ref = H^-1 (b + A^T lambda*)",NNLS existence certificate,1e-08,A c >= 0,lambda >= 0,1e-08,1e-08,0.1,mode_tolerance = 1e-12 + 1e-9 * abs(RSS_ref),objective_accuracy_pass = |RSS_solver - RSS_ref| <= kappa_solver * mode_tolerance,"case_acceptance_pass = reference_certified AND objective_accuracy_pass AND feasibility_pass; semantic repeatability: each reference and each tested configuration solved twice in-process, exact repr equality of RSS required","qualification_pass = ALL predeclared cases pass; no averaging, no pass fraction"
Q09,right_edge_masked_context,z = z_ddof0(raw + noise); raw = analytic bump on u-grid,analytic bump: exp(-(((u - 0.55) / 0.12)^2)) on the 146-point u-grid,"numpy PCG64(seed) standard normal * sigma, added to raw before standardization",0.2,20260910,"z_ddof0: (v - mean(v)) / std(v, ddof=0)",80,right_edge_mask,"indices [0,131)",SOLVER-A,SLSQP,"ftol=1e-12, maxiter=500, x0 = zero vector of length 8 (feasible origin)","SLSQP success flag AND finite endpoint AND finite objective AND max(0, -min(A @ c)) <= 1e-8",NOT_APPLICABLE,NOT_APPLICABLE,NOT_APPLICABLE,NOT_APPLICABLE,NOT_APPLICABLE,trust-constr,"gtol=1e-10, xtol=1e-14, barrier_tol=1e-12, maxiter=1000",zero vector of length 8 (feasible origin),NOT primary_success_rule,"trust-constr status in {1,2} AND finite endpoint AND finite objective AND max(0, -min(A @ c)) <= 1e-8","if stage3_acceptance == false: mode_idx = NUMERICALLY_INVALID, excluded from equivalent_mode_set; if no numerically valid mode exists: spline_fit_status = FAILURE","dual-NNLS convex QP: H = B_O^T B_O = L L^T; w = L^-1 b; G = L^-1 A^T; lambda* = NNLS(G, -w); c_ref = H^-1 (b + A^T lambda*)",NNLS existence certificate,1e-08,A c >= 0,lambda >= 0,1e-08,1e-08,0.1,mode_tolerance = 1e-12 + 1e-9 * abs(RSS_ref),objective_accuracy_pass = |RSS_solver - RSS_ref| <= kappa_solver * mode_tolerance,"case_acceptance_pass = reference_certified AND objective_accuracy_pass AND feasibility_pass; semantic repeatability: each reference and each tested configuration solved twice in-process, exact repr equality of RSS required","qualification_pass = ALL predeclared cases pass; no averaging, no pass fraction"
Q09,right_edge_masked_context,z = z_ddof0(raw + noise); raw = analytic bump on u-grid,analytic bump: exp(-(((u - 0.55) / 0.12)^2)) on the 146-point u-grid,"numpy PCG64(seed) standard normal * sigma, added to raw before standardization",0.2,20260910,"z_ddof0: (v - mean(v)) / std(v, ddof=0)",80,right_edge_mask,"indices [0,131)",SOLVER-B,trust-constr,"gtol=1e-10, xtol=1e-14, barrier_tol=1e-12, maxiter=1000","trust-constr status in {1,2} AND finite endpoint AND finite objective; endpoint c_tc delivered to stage 1 unconditionally (polish consumes c_tc only through active-set identification)",equality-KKT post-polish using stage1_active_set = {i : |(A @ c_tc)_i| <= 1e-8},1e-08,"NOT accept(stage1_postpolish_endpoint), where accept(c) = all coordinates finite AND max(0, -min(A @ c)) <= 1e-8 AND NNLS_KKT_existence_residual(c, active_set_tol=1e-8) <= 1e-8","equality-KKT post-polish using stage2_active_set = {i : |(A @ c_tc)_i| <= 1e-6}; re-identified from the SAME c_tc, not from the stage-1 endpoint",1e-06,SLSQP,"ftol=1e-12, maxiter=500",zero vector of length 8 (feasible origin),"NOT accept(stage2_postpolish_endpoint), where accept(c) = all coordinates finite AND max(0, -min(A @ c)) <= 1e-8 AND NNLS_KKT_existence_residual(c, active_set_tol=1e-8) <= 1e-8",stage3_acceptance = SLSQP success flag AND finite endpoint AND finite objective AND max_linear_constraint_violation <= 1e-8; stage3_nnls_kkt_required = false,"if stage3_acceptance == false: mode_idx = NUMERICALLY_INVALID, excluded from equivalent_mode_set; if no numerically valid mode exists: spline_fit_status = FAILURE","dual-NNLS convex QP: H = B_O^T B_O = L L^T; w = L^-1 b; G = L^-1 A^T; lambda* = NNLS(G, -w); c_ref = H^-1 (b + A^T lambda*)",NNLS existence certificate,1e-08,A c >= 0,lambda >= 0,1e-08,1e-08,0.1,mode_tolerance = 1e-12 + 1e-9 * abs(RSS_ref),objective_accuracy_pass = |RSS_solver - RSS_ref| <= kappa_solver * mode_tolerance,"case_acceptance_pass = reference_certified AND objective_accuracy_pass AND feasibility_pass; semantic repeatability: each reference and each tested configuration solved twice in-process, exact repr equality of RSS required","qualification_pass = ALL predeclared cases pass; no averaging, no pass fraction"
Q09,right_edge_masked_context,z = z_ddof0(raw + noise); raw = analytic bump on u-grid,analytic bump: exp(-(((u - 0.55) / 0.12)^2)) on the 146-point u-grid,"numpy PCG64(seed) standard normal * sigma, added to raw before standardization",0.2,20260910,"z_ddof0: (v - mean(v)) / std(v, ddof=0)",80,right_edge_mask,"indices [0,131)",SOLVER-C,trust-constr,"gtol=1e-10, xtol=1e-14, barrier_tol=1e-12, maxiter=1000","trust-constr status in {1,2} AND finite endpoint AND finite objective AND max(0, -min(A @ c)) <= 1e-8",NOT_APPLICABLE,NOT_APPLICABLE,NOT_APPLICABLE,NOT_APPLICABLE,NOT_APPLICABLE,NOT_APPLICABLE,NOT_APPLICABLE,NOT_APPLICABLE,NOT_APPLICABLE,NOT_APPLICABLE,"if stage3_acceptance == false: mode_idx = NUMERICALLY_INVALID, excluded from equivalent_mode_set; if no numerically valid mode exists: spline_fit_status = FAILURE","dual-NNLS convex QP: H = B_O^T B_O = L L^T; w = L^-1 b; G = L^-1 A^T; lambda* = NNLS(G, -w); c_ref = H^-1 (b + A^T lambda*)",NNLS existence certificate,1e-08,A c >= 0,lambda >= 0,1e-08,1e-08,0.1,mode_tolerance = 1e-12 + 1e-9 * abs(RSS_ref),objective_accuracy_pass = |RSS_solver - RSS_ref| <= kappa_solver * mode_tolerance,"case_acceptance_pass = reference_certified AND objective_accuracy_pass AND feasibility_pass; semantic repeatability: each reference and each tested configuration solved twice in-process, exact repr equality of RSS required","qualification_pass = ALL predeclared cases pass; no averaging, no pass fraction"
Q10,degenerate_many_active,"z = z_ddof0(raw + noise); raw = B @ c; B = clamped cubic B-spline design, knot vector [0,0,0,0, 0.2,0.4,0.6,0.8, 1,1,1,1], 8 basis, 146-point u-grid","c = 0.0, 0.05, 0.1, 0.3, 0.7, 1.6, 2.4, 0.9","numpy PCG64(seed) standard normal * sigma, added to raw before standardization",0.2,20260911,"z_ddof0: (v - mean(v)) / std(v, ddof=0)",10,full,all 146 indices,SOLVER-A,SLSQP,"ftol=1e-12, maxiter=500, x0 = zero vector of length 8 (feasible origin)","SLSQP success flag AND finite endpoint AND finite objective AND max(0, -min(A @ c)) <= 1e-8",NOT_APPLICABLE,NOT_APPLICABLE,NOT_APPLICABLE,NOT_APPLICABLE,NOT_APPLICABLE,trust-constr,"gtol=1e-10, xtol=1e-14, barrier_tol=1e-12, maxiter=1000",zero vector of length 8 (feasible origin),NOT primary_success_rule,"trust-constr status in {1,2} AND finite endpoint AND finite objective AND max(0, -min(A @ c)) <= 1e-8","if stage3_acceptance == false: mode_idx = NUMERICALLY_INVALID, excluded from equivalent_mode_set; if no numerically valid mode exists: spline_fit_status = FAILURE","dual-NNLS convex QP: H = B_O^T B_O = L L^T; w = L^-1 b; G = L^-1 A^T; lambda* = NNLS(G, -w); c_ref = H^-1 (b + A^T lambda*)",NNLS existence certificate,1e-08,A c >= 0,lambda >= 0,1e-08,1e-08,0.1,mode_tolerance = 1e-12 + 1e-9 * abs(RSS_ref),objective_accuracy_pass = |RSS_solver - RSS_ref| <= kappa_solver * mode_tolerance,"case_acceptance_pass = reference_certified AND objective_accuracy_pass AND feasibility_pass; semantic repeatability: each reference and each tested configuration solved twice in-process, exact repr equality of RSS required","qualification_pass = ALL predeclared cases pass; no averaging, no pass fraction"
Q10,degenerate_many_active,"z = z_ddof0(raw + noise); raw = B @ c; B = clamped cubic B-spline design, knot vector [0,0,0,0, 0.2,0.4,0.6,0.8, 1,1,1,1], 8 basis, 146-point u-grid","c = 0.0, 0.05, 0.1, 0.3, 0.7, 1.6, 2.4, 0.9","numpy PCG64(seed) standard normal * sigma, added to raw before standardization",0.2,20260911,"z_ddof0: (v - mean(v)) / std(v, ddof=0)",10,full,all 146 indices,SOLVER-B,trust-constr,"gtol=1e-10, xtol=1e-14, barrier_tol=1e-12, maxiter=1000","trust-constr status in {1,2} AND finite endpoint AND finite objective; endpoint c_tc delivered to stage 1 unconditionally (polish consumes c_tc only through active-set identification)",equality-KKT post-polish using stage1_active_set = {i : |(A @ c_tc)_i| <= 1e-8},1e-08,"NOT accept(stage1_postpolish_endpoint), where accept(c) = all coordinates finite AND max(0, -min(A @ c)) <= 1e-8 AND NNLS_KKT_existence_residual(c, active_set_tol=1e-8) <= 1e-8","equality-KKT post-polish using stage2_active_set = {i : |(A @ c_tc)_i| <= 1e-6}; re-identified from the SAME c_tc, not from the stage-1 endpoint",1e-06,SLSQP,"ftol=1e-12, maxiter=500",zero vector of length 8 (feasible origin),"NOT accept(stage2_postpolish_endpoint), where accept(c) = all coordinates finite AND max(0, -min(A @ c)) <= 1e-8 AND NNLS_KKT_existence_residual(c, active_set_tol=1e-8) <= 1e-8",stage3_acceptance = SLSQP success flag AND finite endpoint AND finite objective AND max_linear_constraint_violation <= 1e-8; stage3_nnls_kkt_required = false,"if stage3_acceptance == false: mode_idx = NUMERICALLY_INVALID, excluded from equivalent_mode_set; if no numerically valid mode exists: spline_fit_status = FAILURE","dual-NNLS convex QP: H = B_O^T B_O = L L^T; w = L^-1 b; G = L^-1 A^T; lambda* = NNLS(G, -w); c_ref = H^-1 (b + A^T lambda*)",NNLS existence certificate,1e-08,A c >= 0,lambda >= 0,1e-08,1e-08,0.1,mode_tolerance = 1e-12 + 1e-9 * abs(RSS_ref),objective_accuracy_pass = |RSS_solver - RSS_ref| <= kappa_solver * mode_tolerance,"case_acceptance_pass = reference_certified AND objective_accuracy_pass AND feasibility_pass; semantic repeatability: each reference and each tested configuration solved twice in-process, exact repr equality of RSS required","qualification_pass = ALL predeclared cases pass; no averaging, no pass fraction"
Q10,degenerate_many_active,"z = z_ddof0(raw + noise); raw = B @ c; B = clamped cubic B-spline design, knot vector [0,0,0,0, 0.2,0.4,0.6,0.8, 1,1,1,1], 8 basis, 146-point u-grid","c = 0.0, 0.05, 0.1, 0.3, 0.7, 1.6, 2.4, 0.9","numpy PCG64(seed) standard normal * sigma, added to raw before standardization",0.2,20260911,"z_ddof0: (v - mean(v)) / std(v, ddof=0)",10,full,all 146 indices,SOLVER-C,trust-constr,"gtol=1e-10, xtol=1e-14, barrier_tol=1e-12, maxiter=1000","trust-constr status in {1,2} AND finite endpoint AND finite objective AND max(0, -min(A @ c)) <= 1e-8",NOT_APPLICABLE,NOT_APPLICABLE,NOT_APPLICABLE,NOT_APPLICABLE,NOT_APPLICABLE,NOT_APPLICABLE,NOT_APPLICABLE,NOT_APPLICABLE,NOT_APPLICABLE,NOT_APPLICABLE,"if stage3_acceptance == false: mode_idx = NUMERICALLY_INVALID, excluded from equivalent_mode_set; if no numerically valid mode exists: spline_fit_status = FAILURE","dual-NNLS convex QP: H = B_O^T B_O = L L^T; w = L^-1 b; G = L^-1 A^T; lambda* = NNLS(G, -w); c_ref = H^-1 (b + A^T lambda*)",NNLS existence certificate,1e-08,A c >= 0,lambda >= 0,1e-08,1e-08,0.1,mode_tolerance = 1e-12 + 1e-9 * abs(RSS_ref),objective_accuracy_pass = |RSS_solver - RSS_ref| <= kappa_solver * mode_tolerance,"case_acceptance_pass = reference_certified AND objective_accuracy_pass AND feasibility_pass; semantic repeatability: each reference and each tested configuration solved twice in-process, exact repr equality of RSS required","qualification_pass = ALL predeclared cases pass; no averaging, no pass fraction"
