manifest_sha256,harness_sha256,fixture_id,solver_configuration,final_endpoint_source,primary_status,stage1_accept,expansion_triggered,stage2_accept,fallback_invoked,fallback_status,RSS_ref,RSS_solver,absolute_objective_error,mode_tolerance,kappa_solver,error_to_tolerance_ratio,max_constraint_violation,objective_accuracy_pass,feasibility_pass,reference_max_constraint_violation,reference_active_constraint_count,reference_active_constraint_rank,reference_kkt_stationarity_residual,reference_primal_feasibility_pass,reference_kkt_existence_pass,reference_certified,semantic_repeatability_pass,case_acceptance_pass
e71ce030931819995f8ad7640cb9914e6266f8cb712e19fe08fc7cfc5bfcee32,b31e5a6b69e5bbd96bce07a8634fb9474672ec5d6538d929287193d83ecdc64d,Q01,SOLVER-A,PRIMARY,True,NOT_APPLICABLE,NOT_APPLICABLE,NOT_APPLICABLE,False,NOT_INVOKED,3.235239487609956e-29,2.819294848596949e-18,2.8192948485645963e-18,1e-12,0.1,2.819294848564596e-05,0.0,True,True,0.0,0,0,1.7907255033606893e-14,True,True,True,True,True
e71ce030931819995f8ad7640cb9914e6266f8cb712e19fe08fc7cfc5bfcee32,b31e5a6b69e5bbd96bce07a8634fb9474672ec5d6538d929287193d83ecdc64d,Q01,SOLVER-B,POLISH,True,True,False,NOT_REACHED,False,NOT_INVOKED,3.235239487609956e-29,9.041740121417616e-29,5.80650063380766e-29,1e-12,0.1,5.80650063380766e-16,0.0,True,True,0.0,0,0,1.7907255033606893e-14,True,True,True,True,True
e71ce030931819995f8ad7640cb9914e6266f8cb712e19fe08fc7cfc5bfcee32,b31e5a6b69e5bbd96bce07a8634fb9474672ec5d6538d929287193d83ecdc64d,Q01,SOLVER-C,PRIMARY,True,NOT_APPLICABLE,NOT_APPLICABLE,NOT_APPLICABLE,False,NOT_INVOKED,3.235239487609956e-29,1.4483475341646404e-14,1.4483475341646373e-14,1e-12,0.1,0.1448347534164637,0.0,True,True,0.0,0,0,1.7907255033606893e-14,True,True,True,True,True
e71ce030931819995f8ad7640cb9914e6266f8cb712e19fe08fc7cfc5bfcee32,b31e5a6b69e5bbd96bce07a8634fb9474672ec5d6538d929287193d83ecdc64d,Q02,SOLVER-A,PRIMARY,True,NOT_APPLICABLE,NOT_APPLICABLE,NOT_APPLICABLE,False,NOT_INVOKED,0.12898465164188375,0.1289846516418838,5.551115123125783e-17,1.2998465164188376e-10,0.1,4.270592760766455e-06,0.0,True,True,0.0,0,0,1.229401893039772e-14,True,True,True,True,True
e71ce030931819995f8ad7640cb9914e6266f8cb712e19fe08fc7cfc5bfcee32,b31e5a6b69e5bbd96bce07a8634fb9474672ec5d6538d929287193d83ecdc64d,Q02,SOLVER-B,POLISH,True,True,False,NOT_REACHED,False,NOT_INVOKED,0.12898465164188375,0.12898465164188364,1.1102230246251565e-16,1.2998465164188376e-10,0.1,8.54118552153291e-06,0.0,True,True,0.0,0,0,1.229401893039772e-14,True,True,True,True,True
e71ce030931819995f8ad7640cb9914e6266f8cb712e19fe08fc7cfc5bfcee32,b31e5a6b69e5bbd96bce07a8634fb9474672ec5d6538d929287193d83ecdc64d,Q02,SOLVER-C,PRIMARY,True,NOT_APPLICABLE,NOT_APPLICABLE,NOT_APPLICABLE,False,NOT_INVOKED,0.12898465164188375,0.1289846516418837,5.551115123125783e-17,1.2998465164188376e-10,0.1,4.270592760766455e-06,0.0,True,True,0.0,0,0,1.229401893039772e-14,True,True,True,True,True
e71ce030931819995f8ad7640cb9914e6266f8cb712e19fe08fc7cfc5bfcee32,b31e5a6b69e5bbd96bce07a8634fb9474672ec5d6538d929287193d83ecdc64d,Q03,SOLVER-A,PRIMARY,True,NOT_APPLICABLE,NOT_APPLICABLE,NOT_APPLICABLE,False,NOT_INVOKED,53.79057706371433,53.790577063702905,1.1425527191022411e-11,5.379157706371434e-08,0.1,0.002124036478329916,1.7329887525008303e-14,True,True,2.42861286636753e-17,4,4,1.2888154420071141e-14,True,True,True,True,True
e71ce030931819995f8ad7640cb9914e6266f8cb712e19fe08fc7cfc5bfcee32,b31e5a6b69e5bbd96bce07a8634fb9474672ec5d6538d929287193d83ecdc64d,Q03,SOLVER-B,POLISH,True,True,False,NOT_REACHED,False,NOT_INVOKED,53.79057706371433,53.79057706371433,0.0,5.379157706371434e-08,0.1,0.0,1.1449174941446927e-16,True,True,2.42861286636753e-17,4,4,1.2888154420071141e-14,True,True,True,True,True
e71ce030931819995f8ad7640cb9914e6266f8cb712e19fe08fc7cfc5bfcee32,b31e5a6b69e5bbd96bce07a8634fb9474672ec5d6538d929287193d83ecdc64d,Q03,SOLVER-C,PRIMARY,True,NOT_APPLICABLE,NOT_APPLICABLE,NOT_APPLICABLE,False,NOT_INVOKED,53.79057706371433,53.79057707204526,8.330928835675877e-09,5.379157706371434e-08,0.1,1.5487422549088248,0.0,False,True,2.42861286636753e-17,4,4,1.2888154420071141e-14,True,True,True,True,False
e71ce030931819995f8ad7640cb9914e6266f8cb712e19fe08fc7cfc5bfcee32,b31e5a6b69e5bbd96bce07a8634fb9474672ec5d6538d929287193d83ecdc64d,Q04,SOLVER-A,PRIMARY,True,NOT_APPLICABLE,NOT_APPLICABLE,NOT_APPLICABLE,False,NOT_INVOKED,104.90140038168178,104.90140038168147,3.126388037344441e-13,1.0490240038168178e-07,0.1,2.9802826493666922e-05,1.1804793254022172e-15,True,True,4.163336342344337e-17,5,5,1.0255600683476332e-14,True,True,True,True,True
e71ce030931819995f8ad7640cb9914e6266f8cb712e19fe08fc7cfc5bfcee32,b31e5a6b69e5bbd96bce07a8634fb9474672ec5d6538d929287193d83ecdc64d,Q04,SOLVER-B,POLISH_EXPANDED,True,False,True,True,False,NOT_INVOKED,104.90140038168178,104.9014003816818,1.4210854715202004e-14,1.0490240038168178e-07,0.1,1.3546739315303145e-06,5.551115123125783e-17,True,True,4.163336342344337e-17,5,5,1.0255600683476332e-14,True,True,True,True,True
e71ce030931819995f8ad7640cb9914e6266f8cb712e19fe08fc7cfc5bfcee32,b31e5a6b69e5bbd96bce07a8634fb9474672ec5d6538d929287193d83ecdc64d,Q04,SOLVER-C,PRIMARY,True,NOT_APPLICABLE,NOT_APPLICABLE,NOT_APPLICABLE,False,NOT_INVOKED,104.90140038168178,104.90140765421428,7.272532499769113e-06,1.0490240038168178e-07,0.1,693.2665480778697,0.0,False,True,4.163336342344337e-17,5,5,1.0255600683476332e-14,True,True,True,True,False
e71ce030931819995f8ad7640cb9914e6266f8cb712e19fe08fc7cfc5bfcee32,b31e5a6b69e5bbd96bce07a8634fb9474672ec5d6538d929287193d83ecdc64d,Q05,SOLVER-A,PRIMARY,True,NOT_APPLICABLE,NOT_APPLICABLE,NOT_APPLICABLE,False,NOT_INVOKED,0.6549070127824004,0.65490701278243,2.964295475749168e-14,6.559070127824004e-10,0.1,0.00045193837205283606,0.0,True,True,0.0,0,0,2.873500683794893e-14,True,True,True,True,True
e71ce030931819995f8ad7640cb9914e6266f8cb712e19fe08fc7cfc5bfcee32,b31e5a6b69e5bbd96bce07a8634fb9474672ec5d6538d929287193d83ecdc64d,Q05,SOLVER-B,POLISH,True,True,False,NOT_REACHED,False,NOT_INVOKED,0.6549070127824004,0.6549070127824002,2.220446049250313e-16,6.559070127824004e-10,0.1,3.3853061576991463e-06,0.0,True,True,0.0,0,0,2.873500683794893e-14,True,True,True,True,True
e71ce030931819995f8ad7640cb9914e6266f8cb712e19fe08fc7cfc5bfcee32,b31e5a6b69e5bbd96bce07a8634fb9474672ec5d6538d929287193d83ecdc64d,Q05,SOLVER-C,PRIMARY,True,NOT_APPLICABLE,NOT_APPLICABLE,NOT_APPLICABLE,False,NOT_INVOKED,0.6549070127824004,0.6549070127824005,1.1102230246251565e-16,6.559070127824004e-10,0.1,1.6926530788495731e-06,0.0,True,True,0.0,0,0,2.873500683794893e-14,True,True,True,True,True
e71ce030931819995f8ad7640cb9914e6266f8cb712e19fe08fc7cfc5bfcee32,b31e5a6b69e5bbd96bce07a8634fb9474672ec5d6538d929287193d83ecdc64d,Q06,SOLVER-A,PRIMARY,True,NOT_APPLICABLE,NOT_APPLICABLE,NOT_APPLICABLE,False,NOT_INVOKED,0.6089635891779673,0.6089635891779676,2.220446049250313e-16,6.099635891779673e-10,0.1,3.640292779184988e-06,0.0,True,True,0.0,0,0,1.5538819394278e-14,True,True,True,True,True
e71ce030931819995f8ad7640cb9914e6266f8cb712e19fe08fc7cfc5bfcee32,b31e5a6b69e5bbd96bce07a8634fb9474672ec5d6538d929287193d83ecdc64d,Q06,SOLVER-B,POLISH,True,True,False,NOT_REACHED,False,NOT_INVOKED,0.6089635891779673,0.6089635891779676,2.220446049250313e-16,6.099635891779673e-10,0.1,3.640292779184988e-06,0.0,True,True,0.0,0,0,1.5538819394278e-14,True,True,True,True,True
e71ce030931819995f8ad7640cb9914e6266f8cb712e19fe08fc7cfc5bfcee32,b31e5a6b69e5bbd96bce07a8634fb9474672ec5d6538d929287193d83ecdc64d,Q06,SOLVER-C,PRIMARY,True,NOT_APPLICABLE,NOT_APPLICABLE,NOT_APPLICABLE,False,NOT_INVOKED,0.6089635891779673,0.6089635891779682,8.881784197001252e-16,6.099635891779673e-10,0.1,1.4561171116739952e-05,0.0,True,True,0.0,0,0,1.5538819394278e-14,True,True,True,True,True
e71ce030931819995f8ad7640cb9914e6266f8cb712e19fe08fc7cfc5bfcee32,b31e5a6b69e5bbd96bce07a8634fb9474672ec5d6538d929287193d83ecdc64d,Q07,SOLVER-A,PRIMARY,True,NOT_APPLICABLE,NOT_APPLICABLE,NOT_APPLICABLE,False,NOT_INVOKED,38.934440650033146,38.934440650032926,2.2026824808563106e-13,3.893544065003315e-08,0.1,5.657268658276853e-05,5.30825383648903e-16,True,True,2.949029909160572e-17,4,4,1.4653005374770768e-14,True,True,True,True,True
e71ce030931819995f8ad7640cb9914e6266f8cb712e19fe08fc7cfc5bfcee32,b31e5a6b69e5bbd96bce07a8634fb9474672ec5d6538d929287193d83ecdc64d,Q07,SOLVER-B,POLISH,True,True,False,NOT_REACHED,False,NOT_INVOKED,38.934440650033146,38.93444065003309,5.684341886080802e-14,3.893544065003315e-08,0.1,1.4599402989101557e-05,1.5265566588595902e-16,True,True,2.949029909160572e-17,4,4,1.4653005374770768e-14,True,True,True,True,True
e71ce030931819995f8ad7640cb9914e6266f8cb712e19fe08fc7cfc5bfcee32,b31e5a6b69e5bbd96bce07a8634fb9474672ec5d6538d929287193d83ecdc64d,Q07,SOLVER-C,PRIMARY,True,NOT_APPLICABLE,NOT_APPLICABLE,NOT_APPLICABLE,False,NOT_INVOKED,38.934440650033146,38.93444069628419,4.625104566002847e-08,3.893544065003315e-08,0.1,11.878906437903405,0.0,False,True,2.949029909160572e-17,4,4,1.4653005374770768e-14,True,True,True,True,False
e71ce030931819995f8ad7640cb9914e6266f8cb712e19fe08fc7cfc5bfcee32,b31e5a6b69e5bbd96bce07a8634fb9474672ec5d6538d929287193d83ecdc64d,Q08,SOLVER-A,PRIMARY,True,NOT_APPLICABLE,NOT_APPLICABLE,NOT_APPLICABLE,False,NOT_INVOKED,44.61123391089937,44.61123391089907,3.055333763768431e-13,4.461223391089938e-08,0.1,6.848645530440408e-05,1.033895191682177e-15,True,True,3.365363543395006e-16,4,4,1.6148307433973404e-14,True,True,True,True,True
e71ce030931819995f8ad7640cb9914e6266f8cb712e19fe08fc7cfc5bfcee32,b31e5a6b69e5bbd96bce07a8634fb9474672ec5d6538d929287193d83ecdc64d,Q08,SOLVER-B,POLISH,True,True,False,NOT_REACHED,False,NOT_INVOKED,44.61123391089937,44.61123391089938,7.105427357601002e-15,4.461223391089938e-08,0.1,1.5927082628931182e-06,8.326672684688674e-16,True,True,3.365363543395006e-16,4,4,1.6148307433973404e-14,True,True,True,True,True
e71ce030931819995f8ad7640cb9914e6266f8cb712e19fe08fc7cfc5bfcee32,b31e5a6b69e5bbd96bce07a8634fb9474672ec5d6538d929287193d83ecdc64d,Q08,SOLVER-C,PRIMARY,True,NOT_APPLICABLE,NOT_APPLICABLE,NOT_APPLICABLE,False,NOT_INVOKED,44.61123391089937,44.61123391157448,6.75107969527744e-10,4.461223391089938e-08,0.1,0.15132799018226384,0.0,True,True,3.365363543395006e-16,4,4,1.6148307433973404e-14,True,True,True,True,True
e71ce030931819995f8ad7640cb9914e6266f8cb712e19fe08fc7cfc5bfcee32,b31e5a6b69e5bbd96bce07a8634fb9474672ec5d6538d929287193d83ecdc64d,Q09,SOLVER-A,PRIMARY,True,NOT_APPLICABLE,NOT_APPLICABLE,NOT_APPLICABLE,False,NOT_INVOKED,48.013096031973774,48.01309603197347,3.055333763768431e-13,4.801409603197378e-08,0.1,6.363409948890443e-05,7.771561172376096e-16,True,True,3.122502256758253e-17,5,5,2.2324663721197983e-14,True,True,True,True,True
e71ce030931819995f8ad7640cb9914e6266f8cb712e19fe08fc7cfc5bfcee32,b31e5a6b69e5bbd96bce07a8634fb9474672ec5d6538d929287193d83ecdc64d,Q09,SOLVER-B,POLISH_EXPANDED,True,False,True,True,False,NOT_INVOKED,48.013096031973774,48.013096031973774,0.0,4.801409603197378e-08,0.1,0.0,1.0408340855860843e-17,True,True,3.122502256758253e-17,5,5,2.2324663721197983e-14,True,True,True,True,True
e71ce030931819995f8ad7640cb9914e6266f8cb712e19fe08fc7cfc5bfcee32,b31e5a6b69e5bbd96bce07a8634fb9474672ec5d6538d929287193d83ecdc64d,Q09,SOLVER-C,PRIMARY,True,NOT_APPLICABLE,NOT_APPLICABLE,NOT_APPLICABLE,False,NOT_INVOKED,48.013096031973774,48.01309742914915,1.3971753745067872e-06,4.801409603197378e-08,0.1,290.99274795809407,0.0,False,True,3.122502256758253e-17,5,5,2.2324663721197983e-14,True,True,True,True,False
e71ce030931819995f8ad7640cb9914e6266f8cb712e19fe08fc7cfc5bfcee32,b31e5a6b69e5bbd96bce07a8634fb9474672ec5d6538d929287193d83ecdc64d,Q10,SOLVER-A,PRIMARY,True,NOT_APPLICABLE,NOT_APPLICABLE,NOT_APPLICABLE,False,NOT_INVOKED,146.00000000000043,145.99999999999994,4.831690603168681e-13,1.4600100000000043e-07,0.1,3.3093544586466305e-05,2.6338028410307716e-17,True,True,1.4811107385820367e-16,145,7,8.171724152647264e-14,True,True,True,True,True
e71ce030931819995f8ad7640cb9914e6266f8cb712e19fe08fc7cfc5bfcee32,b31e5a6b69e5bbd96bce07a8634fb9474672ec5d6538d929287193d83ecdc64d,Q10,SOLVER-B,POLISH,True,True,False,NOT_REACHED,False,NOT_INVOKED,146.00000000000043,146.00000000000395,3.524291969370097e-12,1.4600100000000043e-07,0.1,0.00024138820757187187,5.826183889877898e-15,True,True,1.4811107385820367e-16,145,7,8.171724152647264e-14,True,True,True,True,True
e71ce030931819995f8ad7640cb9914e6266f8cb712e19fe08fc7cfc5bfcee32,b31e5a6b69e5bbd96bce07a8634fb9474672ec5d6538d929287193d83ecdc64d,Q10,SOLVER-C,PRIMARY,True,NOT_APPLICABLE,NOT_APPLICABLE,NOT_APPLICABLE,False,NOT_INVOKED,146.00000000000043,146.00000109208185,1.0920814190740202e-06,1.4600100000000043e-07,0.1,74.79958487092671,6.85814187474379e-11,False,True,1.4811107385820367e-16,145,7,8.171724152647264e-14,True,True,True,True,False
