candidate_id,path,filename,sex_scope,data_role,file_size_bytes,sha256,lineage_status,candidate_input_status,reason
USA-NAT-1880,data/raw/names-usa/national-data/yob1880.txt,yob1880.txt,M+F,RAW_SOURCE,24933,634796b02999cfb42e77cc1d5fccd9613b114531f8df642c32d826524e9d667b,SOURCE,PRIMARY_CANDIDATE,SSA national per-year raw file (name;sex;count)
USA-NAT-1881,data/raw/names-usa/national-data/yob1881.txt,yob1881.txt,M+F,RAW_SOURCE,24052,cd502c7ee5a3b84f6cbf5f7389ecdc94c371b1e5a278596d588d210affff107c,SOURCE,PRIMARY_CANDIDATE,SSA national per-year raw file (name;sex;count)
USA-NAT-1882,data/raw/names-usa/national-data/yob1882.txt,yob1882.txt,M+F,RAW_SOURCE,26559,b6c972eed453e114ee1748eac3d315b13a295a89a3b0c91d53ec52fda23e1a96,SOURCE,PRIMARY_CANDIDATE,SSA national per-year raw file (name;sex;count)
USA-NAT-1883,data/raw/names-usa/national-data/yob1883.txt,yob1883.txt,M+F,RAW_SOURCE,26002,d9b8fda0026f55c02d12fe0068f88ad98cf18478758284777f48169955ee2e94,SOURCE,PRIMARY_CANDIDATE,SSA national per-year raw file (name;sex;count)
USA-NAT-1884,data/raw/names-usa/national-data/yob1884.txt,yob1884.txt,M+F,RAW_SOURCE,28670,01ca5dd2b1141e2a72c36f93b4f9d3d6570dac7b1484bf03b7df1d7c6040126d,SOURCE,PRIMARY_CANDIDATE,SSA national per-year raw file (name;sex;count)
USA-NAT-1885,data/raw/names-usa/national-data/yob1885.txt,yob1885.txt,M+F,RAW_SOURCE,28625,c96ff943e2f9a84269958dbb41a20331ee8dbcb694c26c627d3857a7d4c8a037,SOURCE,PRIMARY_CANDIDATE,SSA national per-year raw file (name;sex;count)
USA-NAT-1886,data/raw/names-usa/national-data/yob1886.txt,yob1886.txt,M+F,RAW_SOURCE,29822,0fd19c9341505c36bf4f0ab25bd53a1436544a959de1ef5cdaf7b2bb28e91a72,SOURCE,PRIMARY_CANDIDATE,SSA national per-year raw file (name;sex;count)
USA-NAT-1887,data/raw/names-usa/national-data/yob1887.txt,yob1887.txt,M+F,RAW_SOURCE,29531,158a0177a4f8199562eda001e748932deb6045b486a1eb754934fbe7f7f49713,SOURCE,PRIMARY_CANDIDATE,SSA national per-year raw file (name;sex;count)
USA-NAT-1888,data/raw/names-usa/national-data/yob1888.txt,yob1888.txt,M+F,RAW_SOURCE,33064,b0c747f8a7d4ce5513fe80ab068df958f94abab9fbf29716308308a4f8bbdb50,SOURCE,PRIMARY_CANDIDATE,SSA national per-year raw file (name;sex;count)
USA-NAT-1889,data/raw/names-usa/national-data/yob1889.txt,yob1889.txt,M+F,RAW_SOURCE,32297,60a8832091bc6b6de0aedf88eeaf979fe9b29db5e4123875176854ccbff661d4,SOURCE,PRIMARY_CANDIDATE,SSA national per-year raw file (name;sex;count)
USA-NAT-1890,data/raw/names-usa/national-data/yob1890.txt,yob1890.txt,M+F,RAW_SOURCE,33621,12cc248006f06d72b89a1a090bbcb3ebfc628f7986294ffef108ecc1ffc3be7e,SOURCE,PRIMARY_CANDIDATE,SSA national per-year raw file (name;sex;count)
USA-NAT-1891,data/raw/names-usa/national-data/yob1891.txt,yob1891.txt,M+F,RAW_SOURCE,33186,54cd7d4075a5d373e77c30a17d1f332c95ecec0d0d2ff45444d0476b6ece733a,SOURCE,PRIMARY_CANDIDATE,SSA national per-year raw file (name;sex;count)
USA-NAT-1892,data/raw/names-usa/national-data/yob1892.txt,yob1892.txt,M+F,RAW_SOURCE,36542,511b11e7bfec81d74eb3a82d57070fee4cf00d41cd6c42f35cf4ad60a3243012,SOURCE,PRIMARY_CANDIDATE,SSA national per-year raw file (name;sex;count)
USA-NAT-1893,data/raw/names-usa/national-data/yob1893.txt,yob1893.txt,M+F,RAW_SOURCE,35433,90d7726af57191104f7e77396673f9f4237043a5372f72538049396b476dcd7a,SOURCE,PRIMARY_CANDIDATE,SSA national per-year raw file (name;sex;count)
USA-NAT-1894,data/raw/names-usa/national-data/yob1894.txt,yob1894.txt,M+F,RAW_SOURCE,36817,f200555910dca0a9ced8908be77b70ad852b1c12055bf196331c3594faa3c17a,SOURCE,PRIMARY_CANDIDATE,SSA national per-year raw file (name;sex;count)
USA-NAT-1895,data/raw/names-usa/national-data/yob1895.txt,yob1895.txt,M+F,RAW_SOURCE,38231,b6cbe0a5e5af60aaf36eebb858b830997f5cb65c5b20b05aec8ee3d7ed1b9b36,SOURCE,PRIMARY_CANDIDATE,SSA national per-year raw file (name;sex;count)
USA-NAT-1896,data/raw/names-usa/national-data/yob1896.txt,yob1896.txt,M+F,RAW_SOURCE,38747,8896885079db6cdf4c02112898e7ee4c25bf95e8b32c38aed862feb613f52d9b,SOURCE,PRIMARY_CANDIDATE,SSA national per-year raw file (name;sex;count)
USA-NAT-1897,data/raw/names-usa/national-data/yob1897.txt,yob1897.txt,M+F,RAW_SOURCE,37936,639a364d834ade673eaffea7d45fb0f4780ee630b9db7774f7cbf6d3bbce9c36,SOURCE,PRIMARY_CANDIDATE,SSA national per-year raw file (name;sex;count)
USA-NAT-1898,data/raw/names-usa/national-data/yob1898.txt,yob1898.txt,M+F,RAW_SOURCE,40924,24e78100ada2f3fa53cf52225af0ffc54be363b4e3b376c61b39844fdc3ceb7d,SOURCE,PRIMARY_CANDIDATE,SSA national per-year raw file (name;sex;count)
USA-NAT-1899,data/raw/names-usa/national-data/yob1899.txt,yob1899.txt,M+F,RAW_SOURCE,38141,cc634df0d2e7f32ff05271cf3c1626f92e196fd6ea550d775509cb10949adbc6,SOURCE,PRIMARY_CANDIDATE,SSA national per-year raw file (name;sex;count)
USA-NAT-1900,data/raw/names-usa/national-data/yob1900.txt,yob1900.txt,M+F,RAW_SOURCE,46847,5eff3d9e6733b8cc4d4582a4f58ef336d6ef524ead1a0b6be59e1ab2ae30046d,SOURCE,PRIMARY_CANDIDATE,SSA national per-year raw file (name;sex;count)
USA-NAT-1901,data/raw/names-usa/national-data/yob1901.txt,yob1901.txt,M+F,RAW_SOURCE,39584,22ceb87e2ca409669fd3b35d44f50eca706877a15227eda3ec63a4d958f1d482,SOURCE,PRIMARY_CANDIDATE,SSA national per-year raw file (name;sex;count)
USA-NAT-1902,data/raw/names-usa/national-data/yob1902.txt,yob1902.txt,M+F,RAW_SOURCE,42284,ec96ba95d1b4c41a78fbb7389a0850d1951b387112a63e1bf8a72f4c4ae19796,SOURCE,PRIMARY_CANDIDATE,SSA national per-year raw file (name;sex;count)
USA-NAT-1903,data/raw/names-usa/national-data/yob1903.txt,yob1903.txt,M+F,RAW_SOURCE,42679,43521d9e57a601ab7f4a5ebcce5d29cb7203ba3c8582dd8994f99795dc37760d,SOURCE,PRIMARY_CANDIDATE,SSA national per-year raw file (name;sex;count)
USA-NAT-1904,data/raw/names-usa/national-data/yob1904.txt,yob1904.txt,M+F,RAW_SOURCE,44808,c6b84d555f00ec09a20d6a02ac32854116b68b06468c846f77329aa879ef161f,SOURCE,PRIMARY_CANDIDATE,SSA national per-year raw file (name;sex;count)
USA-NAT-1905,data/raw/names-usa/national-data/yob1905.txt,yob1905.txt,M+F,RAW_SOURCE,46003,83e8d96aea999bacda148ec0dfb135dd9a2ea3fe5f24fd2f9fb66c8f15c51f60,SOURCE,PRIMARY_CANDIDATE,SSA national per-year raw file (name;sex;count)
USA-NAT-1906,data/raw/names-usa/national-data/yob1906.txt,yob1906.txt,M+F,RAW_SOURCE,45845,138ddcae08f69d3ba57ac68bea0c58cce31a8653586745d8422db636a3d95507,SOURCE,PRIMARY_CANDIDATE,SSA national per-year raw file (name;sex;count)
USA-NAT-1907,data/raw/names-usa/national-data/yob1907.txt,yob1907.txt,M+F,RAW_SOURCE,49829,56696218491b1f81145aa32e7d577871e8777adba1041dd0f0c7b94f6d0c508c,SOURCE,PRIMARY_CANDIDATE,SSA national per-year raw file (name;sex;count)
USA-NAT-1908,data/raw/names-usa/national-data/yob1908.txt,yob1908.txt,M+F,RAW_SOURCE,50841,ce062d8e5d0b62eb87dbb1d1ed7a9c55599f4e5df03d835853a88efb54f5e59b,SOURCE,PRIMARY_CANDIDATE,SSA national per-year raw file (name;sex;count)
USA-NAT-1909,data/raw/names-usa/national-data/yob1909.txt,yob1909.txt,M+F,RAW_SOURCE,53501,65c7b5a66c6bed874195746a6559a378341f3da5d3972529c39ca0e8d4c29d3c,SOURCE,PRIMARY_CANDIDATE,SSA national per-year raw file (name;sex;count)
USA-NAT-1910,data/raw/names-usa/national-data/yob1910.txt,yob1910.txt,M+F,RAW_SOURCE,58710,de4c15aa906d1f56ee4d9abea66311961098bfbb97126fee6b75d6b6660167e7,SOURCE,PRIMARY_CANDIDATE,SSA national per-year raw file (name;sex;count)
USA-NAT-1911,data/raw/names-usa/national-data/yob1911.txt,yob1911.txt,M+F,RAW_SOURCE,61761,05df40364cac365cb177a6e08fa169e63b049538f443d80b6b821b8431317d05,SOURCE,PRIMARY_CANDIDATE,SSA national per-year raw file (name;sex;count)
USA-NAT-1912,data/raw/names-usa/national-data/yob1912.txt,yob1912.txt,M+F,RAW_SOURCE,80717,4dba355e74d1e8b589245ee39fc59af5041df672406b07eb09772cd41ed96149,SOURCE,PRIMARY_CANDIDATE,SSA national per-year raw file (name;sex;count)
USA-NAT-1913,data/raw/names-usa/national-data/yob1913.txt,yob1913.txt,M+F,RAW_SOURCE,88705,c04cfc7c621096a1235ae2850099704b7e257ac7ddbba08552250c1605de4888,SOURCE,PRIMARY_CANDIDATE,SSA national per-year raw file (name;sex;count)
USA-NAT-1914,data/raw/names-usa/national-data/yob1914.txt,yob1914.txt,M+F,RAW_SOURCE,101543,e80bd678590abeb20576474384c11d88cc61c5e6d36c24ef7245e93d0a59a826,SOURCE,PRIMARY_CANDIDATE,SSA national per-year raw file (name;sex;count)
USA-NAT-1915,data/raw/names-usa/national-data/yob1915.txt,yob1915.txt,M+F,RAW_SOURCE,119431,76ba17c9b4c6d1f81a1829735bdbfcd7359b672d83296c21933792566fb36790,SOURCE,PRIMARY_CANDIDATE,SSA national per-year raw file (name;sex;count)
USA-NAT-1916,data/raw/names-usa/national-data/yob1916.txt,yob1916.txt,M+F,RAW_SOURCE,123873,05f4d07247570cacef624b7cda37a54c69ff78e3424dac39620429504474d65a,SOURCE,PRIMARY_CANDIDATE,SSA national per-year raw file (name;sex;count)
USA-NAT-1917,data/raw/names-usa/national-data/yob1917.txt,yob1917.txt,M+F,RAW_SOURCE,126761,5f3fdeca1190782274dfda7fea5616093f32cd7fefcf90dd6a30fe83a76a12fc,SOURCE,PRIMARY_CANDIDATE,SSA national per-year raw file (name;sex;count)
USA-NAT-1918,data/raw/names-usa/national-data/yob1918.txt,yob1918.txt,M+F,RAW_SOURCE,133055,63eed9fb11456ea46cc10f87d795e562e04ba857eb9b8027ac6e91cce46b4cbe,SOURCE,PRIMARY_CANDIDATE,SSA national per-year raw file (name;sex;count)
USA-NAT-1919,data/raw/names-usa/national-data/yob1919.txt,yob1919.txt,M+F,RAW_SOURCE,132728,191cb41c8d528e6455302f17507ed0472aa896c3c28408f77a7dbf100f035105,SOURCE,PRIMARY_CANDIDATE,SSA national per-year raw file (name;sex;count)
USA-NAT-1920,data/raw/names-usa/national-data/yob1920.txt,yob1920.txt,M+F,RAW_SOURCE,137760,e4764783211c91b51d8d63e984dfe476d9a819ac7d29d16b6bd599f12da3bad4,SOURCE,PRIMARY_CANDIDATE,SSA national per-year raw file (name;sex;count)
USA-NAT-1921,data/raw/names-usa/national-data/yob1921.txt,yob1921.txt,M+F,RAW_SOURCE,139178,9fb2bdb32911580231d6c54de5e4351e8bc4187c18275f437c4eff3c9b53cb0d,SOURCE,PRIMARY_CANDIDATE,SSA national per-year raw file (name;sex;count)
USA-NAT-1922,data/raw/names-usa/national-data/yob1922.txt,yob1922.txt,M+F,RAW_SOURCE,138156,4c2a7aea4f8e5e3109315840fb3dbd001da179d834677367d0346120118452b4,SOURCE,PRIMARY_CANDIDATE,SSA national per-year raw file (name;sex;count)
USA-NAT-1923,data/raw/names-usa/national-data/yob1923.txt,yob1923.txt,M+F,RAW_SOURCE,136667,c86be5805ee399a8cf0570f9e7ef9e2b7068d3f438934e297c91011af54eca99,SOURCE,PRIMARY_CANDIDATE,SSA national per-year raw file (name;sex;count)
USA-NAT-1924,data/raw/names-usa/national-data/yob1924.txt,yob1924.txt,M+F,RAW_SOURCE,139622,c145485ace481f2bf10441037d64a71122c736f00499f81bdd8d19cf599f27ab,SOURCE,PRIMARY_CANDIDATE,SSA national per-year raw file (name;sex;count)
USA-NAT-1925,data/raw/names-usa/national-data/yob1925.txt,yob1925.txt,M+F,RAW_SOURCE,136778,33520027b2dac6388630ce3d6525e9aeebdc9452c2e8c9da79837e96c4867404,SOURCE,PRIMARY_CANDIDATE,SSA national per-year raw file (name;sex;count)
USA-NAT-1926,data/raw/names-usa/national-data/yob1926.txt,yob1926.txt,M+F,RAW_SOURCE,134313,2916ac8b3f57e7f6f4a9bf1abda7bd3a519bf88cdfb7cbe006088a4ad9994d84,SOURCE,PRIMARY_CANDIDATE,SSA national per-year raw file (name;sex;count)
USA-NAT-1927,data/raw/names-usa/national-data/yob1927.txt,yob1927.txt,M+F,RAW_SOURCE,133860,7155ee62892d7857b412aa941fc0c447b47ad1f4c58986f54601933dd5e0f341,SOURCE,PRIMARY_CANDIDATE,SSA national per-year raw file (name;sex;count)
USA-NAT-1928,data/raw/names-usa/national-data/yob1928.txt,yob1928.txt,M+F,RAW_SOURCE,130754,4c644b5c07581926b5f1e52c8f2c22ccafa84b9a8107b64cf1eef2b5c283f31f,SOURCE,PRIMARY_CANDIDATE,SSA national per-year raw file (name;sex;count)
USA-NAT-1929,data/raw/names-usa/national-data/yob1929.txt,yob1929.txt,M+F,RAW_SOURCE,126467,1040129bdbf8aefb0f1ad3aa13c31e9f495d945de3ed6e74bb73b39532872d3c,SOURCE,PRIMARY_CANDIDATE,SSA national per-year raw file (name;sex;count)
USA-NAT-1930,data/raw/names-usa/national-data/yob1930.txt,yob1930.txt,M+F,RAW_SOURCE,125935,5db5734ad508c165e851caa6f397606fe580637c1fcf9b67c08bc7ba94066173,SOURCE,PRIMARY_CANDIDATE,SSA national per-year raw file (name;sex;count)
USA-NAT-1931,data/raw/names-usa/national-data/yob1931.txt,yob1931.txt,M+F,RAW_SOURCE,119628,673f3bd27bcb81498cc1ed59d3a6f1e426bb5b8fc30ade5f37740ac9ca45692a,SOURCE,PRIMARY_CANDIDATE,SSA national per-year raw file (name;sex;count)
USA-NAT-1932,data/raw/names-usa/national-data/yob1932.txt,yob1932.txt,M+F,RAW_SOURCE,120767,f36767223df8dd98e0c8e726b2f405cad80064698e14fba5ab908a11a1891dd3,SOURCE,PRIMARY_CANDIDATE,SSA national per-year raw file (name;sex;count)
USA-NAT-1933,data/raw/names-usa/national-data/yob1933.txt,yob1933.txt,M+F,RAW_SOURCE,115908,56b7496083454c4288bd7f12da53b24c76aab3eeccae33da3c7e1afd87e876c0,SOURCE,PRIMARY_CANDIDATE,SSA national per-year raw file (name;sex;count)
USA-NAT-1934,data/raw/names-usa/national-data/yob1934.txt,yob1934.txt,M+F,RAW_SOURCE,118039,bea23e5cebb8f37645818212b1aa3eadca4098db8b9eda03236f71fc36dd986d,SOURCE,PRIMARY_CANDIDATE,SSA national per-year raw file (name;sex;count)
USA-NAT-1935,data/raw/names-usa/national-data/yob1935.txt,yob1935.txt,M+F,RAW_SOURCE,116313,ec1525437cf7884a6cb4eabd64d7179843528b5fa6b827371edde86bcc35f603,SOURCE,PRIMARY_CANDIDATE,SSA national per-year raw file (name;sex;count)
USA-NAT-1936,data/raw/names-usa/national-data/yob1936.txt,yob1936.txt,M+F,RAW_SOURCE,114333,1aae50971a73cfd1c03f1f884a853e118a1a6500531429fb1b264766453654b9,SOURCE,PRIMARY_CANDIDATE,SSA national per-year raw file (name;sex;count)
USA-NAT-1937,data/raw/names-usa/national-data/yob1937.txt,yob1937.txt,M+F,RAW_SOURCE,115385,d5c055c1e6aa5f7b6d1b260c01131479cf8a629e1b4aca78a4e553e6750ec2f6,SOURCE,PRIMARY_CANDIDATE,SSA national per-year raw file (name;sex;count)
USA-NAT-1938,data/raw/names-usa/national-data/yob1938.txt,yob1938.txt,M+F,RAW_SOURCE,116335,695e94e043f002afe4196bd52d30b6f0e9ed7d57bdb0db9cc62f7fefa2ec70b8,SOURCE,PRIMARY_CANDIDATE,SSA national per-year raw file (name;sex;count)
USA-NAT-1939,data/raw/names-usa/national-data/yob1939.txt,yob1939.txt,M+F,RAW_SOURCE,114795,2faddaacd413c6096ca018420919bca682e32fa11e74fda81f7d02de48e1bbc9,SOURCE,PRIMARY_CANDIDATE,SSA national per-year raw file (name;sex;count)
USA-NAT-1940,data/raw/names-usa/national-data/yob1940.txt,yob1940.txt,M+F,RAW_SOURCE,115690,359b6f2d40086e20db68f9abf7c1c1c27378b8a12f4e8a556ec3c0b81605c41f,SOURCE,PRIMARY_CANDIDATE,SSA national per-year raw file (name;sex;count)
USA-NAT-1941,data/raw/names-usa/national-data/yob1941.txt,yob1941.txt,M+F,RAW_SOURCE,117247,ba258849a02f13097035fa4a09799ea3c68a185615e7c5caa04aca47cc6783d2,SOURCE,PRIMARY_CANDIDATE,SSA national per-year raw file (name;sex;count)
USA-NAT-1942,data/raw/names-usa/national-data/yob1942.txt,yob1942.txt,M+F,RAW_SOURCE,121609,29d9c7aef0e1cb647892e083e9cf2769f807f527a75e988a6f747f89faf25ee6,SOURCE,PRIMARY_CANDIDATE,SSA national per-year raw file (name;sex;count)
USA-NAT-1943,data/raw/names-usa/national-data/yob1943.txt,yob1943.txt,M+F,RAW_SOURCE,121518,10e3cc09725332be9cc9c8a47d8ddb033c143bae13e033e454b82ff117f246f2,SOURCE,PRIMARY_CANDIDATE,SSA national per-year raw file (name;sex;count)
USA-NAT-1944,data/raw/names-usa/national-data/yob1944.txt,yob1944.txt,M+F,RAW_SOURCE,118110,fef016def9caa038757ce7fbe9df91f849a96cbfd7a72ddb7e26b6289c52f1e8,SOURCE,PRIMARY_CANDIDATE,SSA national per-year raw file (name;sex;count)
USA-NAT-1945,data/raw/names-usa/national-data/yob1945.txt,yob1945.txt,M+F,RAW_SOURCE,116534,322dd30ccd61615092f72c6e1c81352c6cbcf3c8f32143d05e6fe245a90118ba,SOURCE,PRIMARY_CANDIDATE,SSA national per-year raw file (name;sex;count)
USA-NAT-1946,data/raw/names-usa/national-data/yob1946.txt,yob1946.txt,M+F,RAW_SOURCE,125458,fbfe7ccd1e9c9f28d3dad7ada78f20549966be9e84c8b73ce2a125ace8f832e4,SOURCE,PRIMARY_CANDIDATE,SSA national per-year raw file (name;sex;count)
USA-NAT-1947,data/raw/names-usa/national-data/yob1947.txt,yob1947.txt,M+F,RAW_SOURCE,134068,10b007f568a7e319d3f4e6c8e95c79c19cae5f764e44d579a1c9552d3381b5af,SOURCE,PRIMARY_CANDIDATE,SSA national per-year raw file (name;sex;count)
USA-NAT-1948,data/raw/names-usa/national-data/yob1948.txt,yob1948.txt,M+F,RAW_SOURCE,132415,47a6b683633546dd95d4af03f690208ddd9dd98d69bfe8299b100c2d85892297,SOURCE,PRIMARY_CANDIDATE,SSA national per-year raw file (name;sex;count)
USA-NAT-1949,data/raw/names-usa/national-data/yob1949.txt,yob1949.txt,M+F,RAW_SOURCE,132885,68e56f5f7452d291c3be398b2b5d1553d9ca03f42eceec7554746b7ac1014820,SOURCE,PRIMARY_CANDIDATE,SSA national per-year raw file (name;sex;count)
USA-NAT-1950,data/raw/names-usa/national-data/yob1950.txt,yob1950.txt,M+F,RAW_SOURCE,133255,d43b813ac7d95ae977de47610f7ca7230d7ee4c5fc766fbe8a7feff6298d8edf,SOURCE,PRIMARY_CANDIDATE,SSA national per-year raw file (name;sex;count)
USA-NAT-1951,data/raw/names-usa/national-data/yob1951.txt,yob1951.txt,M+F,RAW_SOURCE,135538,036a1a10bbe3d6d46f08ad611bc7c7726c5f5ec04e20ec6255edf99460814bf4,SOURCE,PRIMARY_CANDIDATE,SSA national per-year raw file (name;sex;count)
USA-NAT-1952,data/raw/names-usa/national-data/yob1952.txt,yob1952.txt,M+F,RAW_SOURCE,137658,c6eff67a615db904954522c21e19bf46b1c857f7ad8d9f7c7ecc329af4cccecc,SOURCE,PRIMARY_CANDIDATE,SSA national per-year raw file (name;sex;count)
USA-NAT-1953,data/raw/names-usa/national-data/yob1953.txt,yob1953.txt,M+F,RAW_SOURCE,140159,54b861726230cd5948d2095c22a1c98987b677fa236f4d10a4f809851bd833f8,SOURCE,PRIMARY_CANDIDATE,SSA national per-year raw file (name;sex;count)
USA-NAT-1954,data/raw/names-usa/national-data/yob1954.txt,yob1954.txt,M+F,RAW_SOURCE,141887,77a33f72f391fb2d64f9411353f57e5b83129dacfb2b8e0927702601fedd58df,SOURCE,PRIMARY_CANDIDATE,SSA national per-year raw file (name;sex;count)
USA-NAT-1955,data/raw/names-usa/national-data/yob1955.txt,yob1955.txt,M+F,RAW_SOURCE,143857,2a2864b5b2ec920af0c006e75c00d5529927ae2aa261f72cc5aeeedbc6b82b05,SOURCE,PRIMARY_CANDIDATE,SSA national per-year raw file (name;sex;count)
USA-NAT-1956,data/raw/names-usa/national-data/yob1956.txt,yob1956.txt,M+F,RAW_SOURCE,146630,92660e1f1c3109b85d66934b04cd62e25602e721e9e479e04bf33e22af023ab8,SOURCE,PRIMARY_CANDIDATE,SSA national per-year raw file (name;sex;count)
USA-NAT-1957,data/raw/names-usa/national-data/yob1957.txt,yob1957.txt,M+F,RAW_SOURCE,149201,2376e31bc8d5456de89dcef47b1f74e456677b421e6ec2b12b89b4118b3900b0,SOURCE,PRIMARY_CANDIDATE,SSA national per-year raw file (name;sex;count)
USA-NAT-1958,data/raw/names-usa/national-data/yob1958.txt,yob1958.txt,M+F,RAW_SOURCE,148839,b1b323be4d8d9f8ec4b1beb50bdb747ebf3141cb37a00ac9e3b438fecab6aaad,SOURCE,PRIMARY_CANDIDATE,SSA national per-year raw file (name;sex;count)
USA-NAT-1959,data/raw/names-usa/national-data/yob1959.txt,yob1959.txt,M+F,RAW_SOURCE,152025,8a87f16c1e5f003fb605bac934e91eb48b114402a8a009b4b39cdc73a4cfb906,SOURCE,PRIMARY_CANDIDATE,SSA national per-year raw file (name;sex;count)
USA-NAT-1960,data/raw/names-usa/national-data/yob1960.txt,yob1960.txt,M+F,RAW_SOURCE,154102,95ae706a789986627b8c487594565cb3ffd7e2ae1fb81f968a6d13918ca4ee2b,SOURCE,PRIMARY_CANDIDATE,SSA national per-year raw file (name;sex;count)
USA-NAT-1961,data/raw/names-usa/national-data/yob1961.txt,yob1961.txt,M+F,RAW_SOURCE,157680,9149b7ce729d991d3f93df5a0a0665dd39adf292567398155fddf2545caefe4c,SOURCE,PRIMARY_CANDIDATE,SSA national per-year raw file (name;sex;count)
USA-NAT-1962,data/raw/names-usa/national-data/yob1962.txt,yob1962.txt,M+F,RAW_SOURCE,158066,d65a22ff7048f75d8f0c3a35c5457b4b48e5e56f46e93bf1e5a6e266939207e2,SOURCE,PRIMARY_CANDIDATE,SSA national per-year raw file (name;sex;count)
USA-NAT-1963,data/raw/names-usa/national-data/yob1963.txt,yob1963.txt,M+F,RAW_SOURCE,158906,f661d864e03e10242a188b4fdc0b90c65a4396915a4caa104a943d4e22824114,SOURCE,PRIMARY_CANDIDATE,SSA national per-year raw file (name;sex;count)
USA-NAT-1964,data/raw/names-usa/national-data/yob1964.txt,yob1964.txt,M+F,RAW_SOURCE,160636,785b14abdd704f10f490e47b52506416c065ee12d9eea5c00f1b3abf3d9878c5,SOURCE,PRIMARY_CANDIDATE,SSA national per-year raw file (name;sex;count)
USA-NAT-1965,data/raw/names-usa/national-data/yob1965.txt,yob1965.txt,M+F,RAW_SOURCE,155077,8c8d44afcb0d143483e1355b947cc6a7c97373e273a5c501a0f760d7a038439b,SOURCE,PRIMARY_CANDIDATE,SSA national per-year raw file (name;sex;count)
USA-NAT-1966,data/raw/names-usa/national-data/yob1966.txt,yob1966.txt,M+F,RAW_SOURCE,157590,bf00f7571e17f886100bc9350b3576bb7b282e56276ade6b04bd1167cce5578b,SOURCE,PRIMARY_CANDIDATE,SSA national per-year raw file (name;sex;count)
USA-NAT-1967,data/raw/names-usa/national-data/yob1967.txt,yob1967.txt,M+F,RAW_SOURCE,160674,de8d296c079cc1d87ebf455192178d0e5a848e50704d693e5e48119027c34f98,SOURCE,PRIMARY_CANDIDATE,SSA national per-year raw file (name;sex;count)
USA-NAT-1968,data/raw/names-usa/national-data/yob1968.txt,yob1968.txt,M+F,RAW_SOURCE,167546,a7d867079ce4f727e3c076991f1ba77bd3d35a27894f1452dc431e4fcaf7ac5a,SOURCE,PRIMARY_CANDIDATE,SSA national per-year raw file (name;sex;count)
USA-NAT-1969,data/raw/names-usa/national-data/yob1969.txt,yob1969.txt,M+F,RAW_SOURCE,178020,b7fc5a104f69d29e93de99e0333e73092e30a722ffca7bb588971dda95440ae4,SOURCE,PRIMARY_CANDIDATE,SSA national per-year raw file (name;sex;count)
USA-NAT-1970,data/raw/names-usa/national-data/yob1970.txt,yob1970.txt,M+F,RAW_SOURCE,191610,a16d4e23e61985f3e5cf729ff3747178d56d547f8cf0535c9f1438e32b34c68e,SOURCE,PRIMARY_CANDIDATE,SSA national per-year raw file (name;sex;count)
USA-NAT-1971,data/raw/names-usa/national-data/yob1971.txt,yob1971.txt,M+F,RAW_SOURCE,198268,cee780b80765d0bae2605db9d12fce28c06e38537fa1fdfc671a0f19b56d1a89,SOURCE,PRIMARY_CANDIDATE,SSA national per-year raw file (name;sex;count)
USA-NAT-1972,data/raw/names-usa/national-data/yob1972.txt,yob1972.txt,M+F,RAW_SOURCE,199532,03dd4221da401e246f2a8cf5e226a0e012eb4fe2c1c127002079a0140e7a2319,SOURCE,PRIMARY_CANDIDATE,SSA national per-year raw file (name;sex;count)
USA-NAT-1973,data/raw/names-usa/national-data/yob1973.txt,yob1973.txt,M+F,RAW_SOURCE,203104,5b5901ce99f322a6b5bc491d3c060f3472bfce87147f07b7b232aa475ec75995,SOURCE,PRIMARY_CANDIDATE,SSA national per-year raw file (name;sex;count)
USA-NAT-1974,data/raw/names-usa/national-data/yob1974.txt,yob1974.txt,M+F,RAW_SOURCE,210560,413e1d22c5415c504a041d0a933af2ea05e71130ddd2719ab79f10d961079d80,SOURCE,PRIMARY_CANDIDATE,SSA national per-year raw file (name;sex;count)
USA-NAT-1975,data/raw/names-usa/national-data/yob1975.txt,yob1975.txt,M+F,RAW_SOURCE,219312,1352a7844d5dae1a55ab7e54ce173c3fa171f1456afcce83a9d24a39ba866a8b,SOURCE,PRIMARY_CANDIDATE,SSA national per-year raw file (name;sex;count)
USA-NAT-1976,data/raw/names-usa/national-data/yob1976.txt,yob1976.txt,M+F,RAW_SOURCE,225096,b4c6cf361fc9484e1137bba294594feb71ffc43110a03aac622950a9ab5e6b4d,SOURCE,PRIMARY_CANDIDATE,SSA national per-year raw file (name;sex;count)
USA-NAT-1977,data/raw/names-usa/national-data/yob1977.txt,yob1977.txt,M+F,RAW_SOURCE,235214,1aa3c4e7bfeb808353d02638b1ca1a38ca7170e0f887842983ef2ede6c322e7f,SOURCE,PRIMARY_CANDIDATE,SSA national per-year raw file (name;sex;count)
USA-NAT-1978,data/raw/names-usa/national-data/yob1978.txt,yob1978.txt,M+F,RAW_SOURCE,236025,3171d91d0f813ebd8a3707de0e41589bb68b77a0ed40e976f111890639787d9b,SOURCE,PRIMARY_CANDIDATE,SSA national per-year raw file (name;sex;count)
USA-NAT-1979,data/raw/names-usa/national-data/yob1979.txt,yob1979.txt,M+F,RAW_SOURCE,246551,66589fd5bfbc9acbeebbbf89eb8fb8ed690468d77307b22553e878057fa6898d,SOURCE,PRIMARY_CANDIDATE,SSA national per-year raw file (name;sex;count)
USA-NAT-1980,data/raw/names-usa/national-data/yob1980.txt,yob1980.txt,M+F,RAW_SOURCE,251500,121226e11fb1d34e7dd3b5a460654403db25780c4b0b81cd5928aa6f783347b5,SOURCE,PRIMARY_CANDIDATE,SSA national per-year raw file (name;sex;count)
USA-NAT-1981,data/raw/names-usa/national-data/yob1981.txt,yob1981.txt,M+F,RAW_SOURCE,252003,cdb417665714b3cbbf937c39176fd67952cd08e046b9ee81d49b4d27bfc4238b,SOURCE,PRIMARY_CANDIDATE,SSA national per-year raw file (name;sex;count)
USA-NAT-1982,data/raw/names-usa/national-data/yob1982.txt,yob1982.txt,M+F,RAW_SOURCE,254957,0c5454ff3f5773ab9b26303f50bbbc989735a275c472901eead0e3d52c876601,SOURCE,PRIMARY_CANDIDATE,SSA national per-year raw file (name;sex;count)
USA-NAT-1983,data/raw/names-usa/national-data/yob1983.txt,yob1983.txt,M+F,RAW_SOURCE,251089,3c0bdf74d82b718ff003bd00ab69f642b784a4e595971aebde3dfa356c43343e,SOURCE,PRIMARY_CANDIDATE,SSA national per-year raw file (name;sex;count)
USA-NAT-1984,data/raw/names-usa/national-data/yob1984.txt,yob1984.txt,M+F,RAW_SOURCE,252901,4aec6bac3775715e95c06d3fb28a5db40a896f1f489f7cb186f388d32c1557d8,SOURCE,PRIMARY_CANDIDATE,SSA national per-year raw file (name;sex;count)
USA-NAT-1985,data/raw/names-usa/national-data/yob1985.txt,yob1985.txt,M+F,RAW_SOURCE,260423,43b35ae8d06e0359bfc332674743e8330ebaa317bf66fcbf7b8c5d00d0145c28,SOURCE,PRIMARY_CANDIDATE,SSA national per-year raw file (name;sex;count)
USA-NAT-1986,data/raw/names-usa/national-data/yob1986.txt,yob1986.txt,M+F,RAW_SOURCE,268212,964c5fb42bc2297d1bd8fdaae6bc9601cc1ed5e920cda3226f23713e038e0111,SOURCE,PRIMARY_CANDIDATE,SSA national per-year raw file (name;sex;count)
USA-NAT-1987,data/raw/names-usa/national-data/yob1987.txt,yob1987.txt,M+F,RAW_SOURCE,278532,09a9a31bc81fb84b80cb29cf14ce5cef614aad0f89bf39286b0e0c0e061dd17d,SOURCE,PRIMARY_CANDIDATE,SSA national per-year raw file (name;sex;count)
USA-NAT-1988,data/raw/names-usa/national-data/yob1988.txt,yob1988.txt,M+F,RAW_SOURCE,291182,7d2f380b060c113028e1aff757b1441026dba89283539b8d876dfafb39faea4f,SOURCE,PRIMARY_CANDIDATE,SSA national per-year raw file (name;sex;count)
USA-NAT-1989,data/raw/names-usa/national-data/yob1989.txt,yob1989.txt,M+F,RAW_SOURCE,309625,639a226ad2a3c9f234086332378ca5431a8336f9ac5def8cf9e9a8c5acd899c0,SOURCE,PRIMARY_CANDIDATE,SSA national per-year raw file (name;sex;count)
USA-NAT-1990,data/raw/names-usa/national-data/yob1990.txt,yob1990.txt,M+F,RAW_SOURCE,322129,af3201a6196c4f4b6b8993c272f44a9a94f72dff82eef795e23271b9677ac7eb,SOURCE,PRIMARY_CANDIDATE,SSA national per-year raw file (name;sex;count)
USA-NAT-1991,data/raw/names-usa/national-data/yob1991.txt,yob1991.txt,M+F,RAW_SOURCE,327272,51edd14052362ce8da177b606afa073398944e91f8f09e47a93ca0f6daae3039,SOURCE,PRIMARY_CANDIDATE,SSA national per-year raw file (name;sex;count)
USA-NAT-1992,data/raw/names-usa/national-data/yob1992.txt,yob1992.txt,M+F,RAW_SOURCE,331591,bdf16465934a893c74fd24a54590a6d25964066e19399d447ee2a6d748d62455,SOURCE,PRIMARY_CANDIDATE,SSA national per-year raw file (name;sex;count)
USA-NAT-1993,data/raw/names-usa/national-data/yob1993.txt,yob1993.txt,M+F,RAW_SOURCE,337968,35d02b901217806e3729a8a61c3e1df52e22d761d52d158d1ad6e37c72d24cb4,SOURCE,PRIMARY_CANDIDATE,SSA national per-year raw file (name;sex;count)
USA-NAT-1994,data/raw/names-usa/national-data/yob1994.txt,yob1994.txt,M+F,RAW_SOURCE,338285,358cf93c4a414f84255a9a3483f1a6025209b8528f8953877ab04e1e159ad197,SOURCE,PRIMARY_CANDIDATE,SSA national per-year raw file (name;sex;count)
USA-NAT-1995,data/raw/names-usa/national-data/yob1995.txt,yob1995.txt,M+F,RAW_SOURCE,339168,bee794e3cb674ecd74962bc33d14b0ec774f3cfbffcbcc7c24dc718ae9079c91,SOURCE,PRIMARY_CANDIDATE,SSA national per-year raw file (name;sex;count)
USA-NAT-1996,data/raw/names-usa/national-data/yob1996.txt,yob1996.txt,M+F,RAW_SOURCE,343115,ef4271457a979da512ce8a076b380e156343c54b0781b6310d1a5e6c1b9b53c4,SOURCE,PRIMARY_CANDIDATE,SSA national per-year raw file (name;sex;count)
USA-NAT-1997,data/raw/names-usa/national-data/yob1997.txt,yob1997.txt,M+F,RAW_SOURCE,350179,d048398605699cd9eb0e4d0549e4c06c7775db6a81c3f78417c5f4120b36e8f9,SOURCE,PRIMARY_CANDIDATE,SSA national per-year raw file (name;sex;count)
USA-NAT-1998,data/raw/names-usa/national-data/yob1998.txt,yob1998.txt,M+F,RAW_SOURCE,361750,539f5edac32e53cc0a7facf2468dcd74d433d31891ce3b4d9f35a3e31b898f91,SOURCE,PRIMARY_CANDIDATE,SSA national per-year raw file (name;sex;count)
USA-NAT-1999,data/raw/names-usa/national-data/yob1999.txt,yob1999.txt,M+F,RAW_SOURCE,369499,e8c0c8f66f8b797b8d6a7c4e4fb903b1f6a674909ded00165eb27b5e26e76cda,SOURCE,PRIMARY_CANDIDATE,SSA national per-year raw file (name;sex;count)
USA-NAT-2000,data/raw/names-usa/national-data/yob2000.txt,yob2000.txt,M+F,RAW_SOURCE,385165,3620173812f5a93c24de0acf64b09cbb4725fe7eba7203883495df5c7578b126,SOURCE,PRIMARY_CANDIDATE,SSA national per-year raw file (name;sex;count)
USA-NAT-2001,data/raw/names-usa/national-data/yob2001.txt,yob2001.txt,M+F,RAW_SOURCE,391265,b860d7e44525bad8493d6269ca3ea0cddbf15545929e4cea60f630bf127be5b4,SOURCE,PRIMARY_CANDIDATE,SSA national per-year raw file (name;sex;count)
USA-NAT-2002,data/raw/names-usa/national-data/yob2002.txt,yob2002.txt,M+F,RAW_SOURCE,394939,4d2cb43ed9cbabd25d07d4bde3b585aa408b8f8e49977c69431bc43d73bbcfea,SOURCE,PRIMARY_CANDIDATE,SSA national per-year raw file (name;sex;count)
USA-NAT-2003,data/raw/names-usa/national-data/yob2003.txt,yob2003.txt,M+F,RAW_SOURCE,402786,d373b8be6e23a6d6ff52fec997491b616473eae4ca2baa24e958332bdeed4054,SOURCE,PRIMARY_CANDIDATE,SSA national per-year raw file (name;sex;count)
USA-NAT-2004,data/raw/names-usa/national-data/yob2004.txt,yob2004.txt,M+F,RAW_SOURCE,413659,18c6191c5b63bb0ab815fafc0702c8c0f719fb9cf2f29296494f6ecea15cf212,SOURCE,PRIMARY_CANDIDATE,SSA national per-year raw file (name;sex;count)
USA-NAT-2005,data/raw/names-usa/national-data/yob2005.txt,yob2005.txt,M+F,RAW_SOURCE,420433,af7ad098e0c7de6381607888c1e86b928a183c15b1b8b8e0d5cfc6e68a8e91a3,SOURCE,PRIMARY_CANDIDATE,SSA national per-year raw file (name;sex;count)
USA-NAT-2006,data/raw/names-usa/national-data/yob2006.txt,yob2006.txt,M+F,RAW_SOURCE,440597,6e41e71dbb98d800a5a60cf981561b2e6d0356fabc41e14b2962204916dac7a9,SOURCE,PRIMARY_CANDIDATE,SSA national per-year raw file (name;sex;count)
USA-NAT-2007,data/raw/names-usa/national-data/yob2007.txt,yob2007.txt,M+F,RAW_SOURCE,451594,9aff63e1b6512b44163287f6414967c3ef35d90b01bc3b138b63c3fb7dfcc3f4,SOURCE,PRIMARY_CANDIDATE,SSA national per-year raw file (name;sex;count)
USA-NAT-2008,data/raw/names-usa/national-data/yob2008.txt,yob2008.txt,M+F,RAW_SOURCE,453167,5ec83325706b5b1a6b0598323f1ba5dd6349e4c08366ebdcd2b1a7ca5c16b226,SOURCE,PRIMARY_CANDIDATE,SSA national per-year raw file (name;sex;count)
USA-NAT-2009,data/raw/names-usa/national-data/yob2009.txt,yob2009.txt,M+F,RAW_SOURCE,448383,b7299d095b11c6fe425542e6169e45a76ad9f810dbd4821570175dff8eea38df,SOURCE,PRIMARY_CANDIDATE,SSA national per-year raw file (name;sex;count)
USA-NAT-2010,data/raw/names-usa/national-data/yob2010.txt,yob2010.txt,M+F,RAW_SOURCE,440031,d6fdc7db398e584f3a4d600cbb35956bae80a896ca7c3b4ae5e1b2f943d8a101,SOURCE,PRIMARY_CANDIDATE,SSA national per-year raw file (name;sex;count)
USA-NAT-2011,data/raw/names-usa/national-data/yob2011.txt,yob2011.txt,M+F,RAW_SOURCE,437689,ec7f898695302b855a82596bbbfbf8404093c58553584174334c7c6002251697,SOURCE,PRIMARY_CANDIDATE,SSA national per-year raw file (name;sex;count)
USA-NAT-2012,data/raw/names-usa/national-data/yob2012.txt,yob2012.txt,M+F,RAW_SOURCE,435482,d0453d52d63363ad0b368e2cde48bcf7333bd7143746fa12d5a0dae85e6d6b8f,SOURCE,PRIMARY_CANDIDATE,SSA national per-year raw file (name;sex;count)
USA-NAT-2013,data/raw/names-usa/national-data/yob2013.txt,yob2013.txt,M+F,RAW_SOURCE,429536,1ffa8bef765cb128127245766c4a29db1cd1a5fc920042ed27b1c8efbbe1f419,SOURCE,PRIMARY_CANDIDATE,SSA national per-year raw file (name;sex;count)
USA-NAT-2014,data/raw/names-usa/national-data/yob2014.txt,yob2014.txt,M+F,RAW_SOURCE,428967,44fa60c22a0f3cabd2700275de7a902db87fe8415a4eea8afa804d591c1d42b9,SOURCE,PRIMARY_CANDIDATE,SSA national per-year raw file (name;sex;count)
USA-NAT-2015,data/raw/names-usa/national-data/yob2015.txt,yob2015.txt,M+F,RAW_SOURCE,426978,512f9288b99e03db0364cf1a7f60d2fc4fc2488c1776ed55663829ae0d0283ed,SOURCE,PRIMARY_CANDIDATE,SSA national per-year raw file (name;sex;count)
USA-NAT-2016,data/raw/names-usa/national-data/yob2016.txt,yob2016.txt,M+F,RAW_SOURCE,425404,b597a2a25148759f17320f0952cb18d8c5a4167854125aca82c181b81c3cd2d5,SOURCE,PRIMARY_CANDIDATE,SSA national per-year raw file (name;sex;count)
USA-NAT-2017,data/raw/names-usa/national-data/yob2017.txt,yob2017.txt,M+F,RAW_SOURCE,420001,17aefc78d2b1e411f9a0cb22899e88719cace73e580e82f209e1d28c5cc249dc,SOURCE,PRIMARY_CANDIDATE,SSA national per-year raw file (name;sex;count)
USA-NAT-2018,data/raw/names-usa/national-data/yob2018.txt,yob2018.txt,M+F,RAW_SOURCE,414083,de5a04f0a7d72c9f33b1cad2e1361d5c3dc330bd1e676a5725ea7da36ae85768,SOURCE,PRIMARY_CANDIDATE,SSA national per-year raw file (name;sex;count)
USA-NAT-2019,data/raw/names-usa/national-data/yob2019.txt,yob2019.txt,M+F,RAW_SOURCE,411962,994ef31fdbb7205a4a69ef958222f60539a5ccedc2d2e1bff94676eeb77d3158,SOURCE,PRIMARY_CANDIDATE,SSA national per-year raw file (name;sex;count)
USA-NAT-2020,data/raw/names-usa/national-data/yob2020.txt,yob2020.txt,M+F,RAW_SOURCE,403582,614af5d8d718fb193c5c8eb7de461d8689b010032dd737df2398f203296c7f1d,SOURCE,PRIMARY_CANDIDATE,SSA national per-year raw file (name;sex;count)
USA-NAT-2021,data/raw/names-usa/national-data/yob2021.txt,yob2021.txt,M+F,RAW_SOURCE,405883,bbd791f9e91a9ef3ea3df63b483e918980a9b4b64db6f27fe11e3da5c6dd6033,SOURCE,PRIMARY_CANDIDATE,SSA national per-year raw file (name;sex;count)
USA-NAT-2022,data/raw/names-usa/national-data/yob2022.txt,yob2022.txt,M+F,RAW_SOURCE,409591,9753615f0e3d3f175537167ea6bd1feb3cbfaca56dcb58d2822bfe033f766c47,SOURCE,PRIMARY_CANDIDATE,SSA national per-year raw file (name;sex;count)
USA-NAT-2023,data/raw/names-usa/national-data/yob2023.txt,yob2023.txt,M+F,RAW_SOURCE,406146,a6b967e8e3c353b050df273cbda7f7ee48c57f705adf37c67db91c921164bcf2,SOURCE,PRIMARY_CANDIDATE,SSA national per-year raw file (name;sex;count)
USA-NAT-2024,data/raw/names-usa/national-data/yob2024.txt,yob2024.txt,M+F,RAW_SOURCE,407010,f0083af67c48b666e938d8bb7cb5ec766c832d08359fbdae0edf963dbd9613fb,SOURCE,PRIMARY_CANDIDATE,SSA national per-year raw file (name;sex;count)
USA-NAT-2025,data/raw/names-usa/national-data/yob2025.txt,yob2025.txt,M+F,RAW_SOURCE,398666,711d65b5a0ab84596b62dc47a942ac2da3bedb1cb32513ff41039ca41d304196,SOURCE,PRIMARY_CANDIDATE,SSA national per-year raw file (name;sex;count)
USA-ST-AK,data/raw/names-usa/namesbystate/AK.TXT,AK.TXT,M+F,RAW_SOURCE,635288,e9302f7e7fa7862ce58bb87efbee0fb5215eb9a7fda50a0ffdad4b97a981ad65,SOURCE,SECONDARY_CANDIDATE_SCOPE_OWNER,SSA state-level raw file (state;sex;year;name;count); national-vs-state scope is an owner decision
USA-ST-AL,data/raw/names-usa/namesbystate/AL.TXT,AL.TXT,M+F,RAW_SOURCE,3020965,b8e63b227b829f26596c1c0f4d5a20e66b49d5fe2d03b0554ae178316afcde49,SOURCE,SECONDARY_CANDIDATE_SCOPE_OWNER,SSA state-level raw file (state;sex;year;name;count); national-vs-state scope is an owner decision
USA-ST-AR,data/raw/names-usa/namesbystate/AR.TXT,AR.TXT,M+F,RAW_SOURCE,2261648,080793fcf566953e8f2471c28136f1d89d834957d463881bd10e2fbeff33c4eb,SOURCE,SECONDARY_CANDIDATE_SCOPE_OWNER,SSA state-level raw file (state;sex;year;name;count); national-vs-state scope is an owner decision
USA-ST-AZ,data/raw/names-usa/namesbystate/AZ.TXT,AZ.TXT,M+F,RAW_SOURCE,2698999,9b36fb5964c5ee7e746bd230f6ea03dcdf019b93675b2658ec933a652820e8e4,SOURCE,SECONDARY_CANDIDATE_SCOPE_OWNER,SSA state-level raw file (state;sex;year;name;count); national-vs-state scope is an owner decision
USA-ST-CA,data/raw/names-usa/namesbystate/CA.TXT,CA.TXT,M+F,RAW_SOURCE,8833678,99f224c62052bc995a48bf97656c5313719579a975e606cda32c30c3e9ccd48d,SOURCE,SECONDARY_CANDIDATE_SCOPE_OWNER,SSA state-level raw file (state;sex;year;name;count); national-vs-state scope is an owner decision
USA-ST-CO,data/raw/names-usa/namesbystate/CO.TXT,CO.TXT,M+F,RAW_SOURCE,2477141,b13b7651b6d78c4959ff7000bc855088e0b210c5e6fbade7eab94c419a2517b6,SOURCE,SECONDARY_CANDIDATE_SCOPE_OWNER,SSA state-level raw file (state;sex;year;name;count); national-vs-state scope is an owner decision
USA-ST-CT,data/raw/names-usa/namesbystate/CT.TXT,CT.TXT,M+F,RAW_SOURCE,1851372,e50faa87f35559a3cc3303aa08c6423ec56cfa93c01978993e2948469b237eeb,SOURCE,SECONDARY_CANDIDATE_SCOPE_OWNER,SSA state-level raw file (state;sex;year;name;count); national-vs-state scope is an owner decision
USA-ST-DC,data/raw/names-usa/namesbystate/DC.TXT,DC.TXT,M+F,RAW_SOURCE,1211859,079d52c93d2af7f85a04ef0b85151d64e8f8d7dfc6c8b90ffe987029a9d36f1d,SOURCE,SECONDARY_CANDIDATE_SCOPE_OWNER,SSA state-level raw file (state;sex;year;name;count); national-vs-state scope is an owner decision
USA-ST-DE,data/raw/names-usa/namesbystate/DE.TXT,DE.TXT,M+F,RAW_SOURCE,727366,ccc22ee3e5d5c9cda8654b248094049e874b37491a8ad93bfb3815d4237b1129,SOURCE,SECONDARY_CANDIDATE_SCOPE_OWNER,SSA state-level raw file (state;sex;year;name;count); national-vs-state scope is an owner decision
USA-ST-FL,data/raw/names-usa/namesbystate/FL.TXT,FL.TXT,M+F,RAW_SOURCE,4884776,6736f7e7bbe7fc56827edf890425b395a232712682c02341ecca5b731df3b9f9,SOURCE,SECONDARY_CANDIDATE_SCOPE_OWNER,SSA state-level raw file (state;sex;year;name;count); national-vs-state scope is an owner decision
USA-ST-GA,data/raw/names-usa/namesbystate/GA.TXT,GA.TXT,M+F,RAW_SOURCE,4223365,1421d5f58fc97ac4d494534ffaacb889013944d6245814cd8961ce125c06ffa3,SOURCE,SECONDARY_CANDIDATE_SCOPE_OWNER,SSA state-level raw file (state;sex;year;name;count); national-vs-state scope is an owner decision
USA-ST-HI,data/raw/names-usa/namesbystate/HI.TXT,HI.TXT,M+F,RAW_SOURCE,1180182,537ffc5ef61916f3f2642b985a603f89d6e11ffc1b4d20f8a03a87171416fd6c,SOURCE,SECONDARY_CANDIDATE_SCOPE_OWNER,SSA state-level raw file (state;sex;year;name;count); national-vs-state scope is an owner decision
USA-ST-IA,data/raw/names-usa/namesbystate/IA.TXT,IA.TXT,M+F,RAW_SOURCE,2103914,f232e5adf2a8a42258ba203b483ab88f70da4138e333e245f1e971f8e21df7f7,SOURCE,SECONDARY_CANDIDATE_SCOPE_OWNER,SSA state-level raw file (state;sex;year;name;count); national-vs-state scope is an owner decision
USA-ST-ID,data/raw/names-usa/namesbystate/ID.TXT,ID.TXT,M+F,RAW_SOURCE,1302136,72efb28ab55e911719b5e69f9a28c59e97cfafdcb7f43bb9aae17b15e07730e9,SOURCE,SECONDARY_CANDIDATE_SCOPE_OWNER,SSA state-level raw file (state;sex;year;name;count); national-vs-state scope is an owner decision
USA-ST-IL,data/raw/names-usa/namesbystate/IL.TXT,IL.TXT,M+F,RAW_SOURCE,5177186,82fb775d55cfc83930a89e114456c1c41e823bd91afb71180adab8338af49ecd,SOURCE,SECONDARY_CANDIDATE_SCOPE_OWNER,SSA state-level raw file (state;sex;year;name;count); national-vs-state scope is an owner decision
USA-ST-IN,data/raw/names-usa/namesbystate/IN.TXT,IN.TXT,M+F,RAW_SOURCE,3178498,5366cf493860fd1993f340fbcede7a21a1f8625ebedf40ea87eabe4ee4fe1e62,SOURCE,SECONDARY_CANDIDATE_SCOPE_OWNER,SSA state-level raw file (state;sex;year;name;count); national-vs-state scope is an owner decision
USA-ST-KS,data/raw/names-usa/namesbystate/KS.TXT,KS.TXT,M+F,RAW_SOURCE,2109598,5291e652d034802790a70bfd2d91a019333233a019fb77d1b0ca46e1a8814bf3,SOURCE,SECONDARY_CANDIDATE_SCOPE_OWNER,SSA state-level raw file (state;sex;year;name;count); national-vs-state scope is an owner decision
USA-ST-KY,data/raw/names-usa/namesbystate/KY.TXT,KY.TXT,M+F,RAW_SOURCE,2651226,a96d7b6167e9005c25e2a58f23b91fc5207cc04575b3910e5f397c4fff2bf444,SOURCE,SECONDARY_CANDIDATE_SCOPE_OWNER,SSA state-level raw file (state;sex;year;name;count); national-vs-state scope is an owner decision
USA-ST-LA,data/raw/names-usa/namesbystate/LA.TXT,LA.TXT,M+F,RAW_SOURCE,3313375,24ebd7d2ef6eaad761c3e0740c606f4f5e8485a5bd3019236d263788137eb7d4,SOURCE,SECONDARY_CANDIDATE_SCOPE_OWNER,SSA state-level raw file (state;sex;year;name;count); national-vs-state scope is an owner decision
USA-ST-MA,data/raw/names-usa/namesbystate/MA.TXT,MA.TXT,M+F,RAW_SOURCE,2710570,88b1e178decb614953c9f3f6c84c523a6410d53c957fb0079878fa81102ba665,SOURCE,SECONDARY_CANDIDATE_SCOPE_OWNER,SSA state-level raw file (state;sex;year;name;count); national-vs-state scope is an owner decision
USA-ST-MD,data/raw/names-usa/namesbystate/MD.TXT,MD.TXT,M+F,RAW_SOURCE,2565226,0f58368cbfe1034a5999ce1affbe3860792635cbf1cdb9dd2209d4ad0f2cad46,SOURCE,SECONDARY_CANDIDATE_SCOPE_OWNER,SSA state-level raw file (state;sex;year;name;count); national-vs-state scope is an owner decision
USA-ST-ME,data/raw/names-usa/namesbystate/ME.TXT,ME.TXT,M+F,RAW_SOURCE,1108348,cd66a31ee9dcb18f9fe67c8b64ddc5892d11cf0a6d228f4e328c981bc048f995,SOURCE,SECONDARY_CANDIDATE_SCOPE_OWNER,SSA state-level raw file (state;sex;year;name;count); national-vs-state scope is an owner decision
USA-ST-MI,data/raw/names-usa/namesbystate/MI.TXT,MI.TXT,M+F,RAW_SOURCE,4140761,9416c6df2fb688953475ba09976ce0b8c6180e81b89cd7be8a52993b0a75b28e,SOURCE,SECONDARY_CANDIDATE_SCOPE_OWNER,SSA state-level raw file (state;sex;year;name;count); national-vs-state scope is an owner decision
USA-ST-MN,data/raw/names-usa/namesbystate/MN.TXT,MN.TXT,M+F,RAW_SOURCE,2604151,59dbc59ddc27653c468bfd634fb161a17f70581f06d737bae992d697b7f8f041,SOURCE,SECONDARY_CANDIDATE_SCOPE_OWNER,SSA state-level raw file (state;sex;year;name;count); national-vs-state scope is an owner decision
USA-ST-MO,data/raw/names-usa/namesbystate/MO.TXT,MO.TXT,M+F,RAW_SOURCE,3131470,412b49e15a3305c3df1ac4f9c77d7466b7f02c3b02e234f25ebe2ff1443e74f6,SOURCE,SECONDARY_CANDIDATE_SCOPE_OWNER,SSA state-level raw file (state;sex;year;name;count); national-vs-state scope is an owner decision
USA-ST-MS,data/raw/names-usa/namesbystate/MS.TXT,MS.TXT,M+F,RAW_SOURCE,2513431,e5f51c1f785caaf376379650233253807add90325b707fd4eb65970cc77adfd3,SOURCE,SECONDARY_CANDIDATE_SCOPE_OWNER,SSA state-level raw file (state;sex;year;name;count); national-vs-state scope is an owner decision
USA-ST-MT,data/raw/names-usa/namesbystate/MT.TXT,MT.TXT,M+F,RAW_SOURCE,999123,249b74d0e35662b481c75abf74145190088c63965f0c068ddc1a3896a47d36c9,SOURCE,SECONDARY_CANDIDATE_SCOPE_OWNER,SSA state-level raw file (state;sex;year;name;count); national-vs-state scope is an owner decision
USA-ST-NC,data/raw/names-usa/namesbystate/NC.TXT,NC.TXT,M+F,RAW_SOURCE,4004089,7d74b02bdea6ec546d5e39b24104982feaa10b248a832b4c0b541352c822ab20,SOURCE,SECONDARY_CANDIDATE_SCOPE_OWNER,SSA state-level raw file (state;sex;year;name;count); national-vs-state scope is an owner decision
USA-ST-ND,data/raw/names-usa/namesbystate/ND.TXT,ND.TXT,M+F,RAW_SOURCE,1011437,b7130036013d2cfe70a16159333207cc87e2f4bf28c7e1fa24f92528d840b191,SOURCE,SECONDARY_CANDIDATE_SCOPE_OWNER,SSA state-level raw file (state;sex;year;name;count); national-vs-state scope is an owner decision
USA-ST-NE,data/raw/names-usa/namesbystate/NE.TXT,NE.TXT,M+F,RAW_SOURCE,1606182,de51e1d0d8831e74ea012943af23784550a6c775bc29eab6fe2af32a65889040,SOURCE,SECONDARY_CANDIDATE_SCOPE_OWNER,SSA state-level raw file (state;sex;year;name;count); national-vs-state scope is an owner decision
USA-ST-NH,data/raw/names-usa/namesbystate/NH.TXT,NH.TXT,M+F,RAW_SOURCE,878091,add63626f56842b764384088146974618db9b52809b03bae53a6db54bc260949,SOURCE,SECONDARY_CANDIDATE_SCOPE_OWNER,SSA state-level raw file (state;sex;year;name;count); national-vs-state scope is an owner decision
USA-ST-NJ,data/raw/names-usa/namesbystate/NJ.TXT,NJ.TXT,M+F,RAW_SOURCE,3507484,d9a6187ab98eefcf29a7977355be7b5d88dbdb50d7b8e2f26f2ccd98cf80169a,SOURCE,SECONDARY_CANDIDATE_SCOPE_OWNER,SSA state-level raw file (state;sex;year;name;count); national-vs-state scope is an owner decision
USA-ST-NM,data/raw/names-usa/namesbystate/NM.TXT,NM.TXT,M+F,RAW_SOURCE,1660136,30fa83c7731c45977423fcbae81b087741409103cb03a77938b1d27594eecc15,SOURCE,SECONDARY_CANDIDATE_SCOPE_OWNER,SSA state-level raw file (state;sex;year;name;count); national-vs-state scope is an owner decision
USA-ST-NV,data/raw/names-usa/namesbystate/NV.TXT,NV.TXT,M+F,RAW_SOURCE,1135735,8bf78bd5bf6bb4ddf59046b15933b70f89a00492cebd894f1d386065c57ccb78,SOURCE,SECONDARY_CANDIDATE_SCOPE_OWNER,SSA state-level raw file (state;sex;year;name;count); national-vs-state scope is an owner decision
USA-ST-NY,data/raw/names-usa/namesbystate/NY.TXT,NY.TXT,M+F,RAW_SOURCE,6781971,433c382e6b130a92edce06db3101672e76d9857bd05186f99b23c47f55de1558,SOURCE,SECONDARY_CANDIDATE_SCOPE_OWNER,SSA state-level raw file (state;sex;year;name;count); national-vs-state scope is an owner decision
USA-ST-OH,data/raw/names-usa/namesbystate/OH.TXT,OH.TXT,M+F,RAW_SOURCE,4475569,c454d1872fcf86adfadf83ecc5ed46c9718998e700c8e6aa4c2a14210e28d806,SOURCE,SECONDARY_CANDIDATE_SCOPE_OWNER,SSA state-level raw file (state;sex;year;name;count); national-vs-state scope is an owner decision
USA-ST-OK,data/raw/names-usa/namesbystate/OK.TXT,OK.TXT,M+F,RAW_SOURCE,2617022,3192539ee2d667c3d4df1d8e24fb6cc67497498927995e9335d6bd4573a619ed,SOURCE,SECONDARY_CANDIDATE_SCOPE_OWNER,SSA state-level raw file (state;sex;year;name;count); national-vs-state scope is an owner decision
USA-ST-OR,data/raw/names-usa/namesbystate/OR.TXT,OR.TXT,M+F,RAW_SOURCE,2005038,fb0e2ca3b79dc524ad22033525c516667d1c1725a9ec783023c6582f1845de5b,SOURCE,SECONDARY_CANDIDATE_SCOPE_OWNER,SSA state-level raw file (state;sex;year;name;count); national-vs-state scope is an owner decision
USA-ST-PA,data/raw/names-usa/namesbystate/PA.TXT,PA.TXT,M+F,RAW_SOURCE,4530450,3f4405d987822184e2fe419d519fa020b77007c3f119a09ae116406147315877,SOURCE,SECONDARY_CANDIDATE_SCOPE_OWNER,SSA state-level raw file (state;sex;year;name;count); national-vs-state scope is an owner decision
USA-ST-RI,data/raw/names-usa/namesbystate/RI.TXT,RI.TXT,M+F,RAW_SOURCE,893983,2ce24036b43042c02e8f99fa99143ee36ec9ed3aa036282ec20ec1b03601fda8,SOURCE,SECONDARY_CANDIDATE_SCOPE_OWNER,SSA state-level raw file (state;sex;year;name;count); national-vs-state scope is an owner decision
USA-ST-SC,data/raw/names-usa/namesbystate/SC.TXT,SC.TXT,M+F,RAW_SOURCE,2673165,87cfcba00d1d6798b8f5468fd5865084893d2482b3da22ee124a72ef40c4c7fc,SOURCE,SECONDARY_CANDIDATE_SCOPE_OWNER,SSA state-level raw file (state;sex;year;name;count); national-vs-state scope is an owner decision
USA-ST-SD,data/raw/names-usa/namesbystate/SD.TXT,SD.TXT,M+F,RAW_SOURCE,1038411,57e8a98742d881a668984aae53a7e1c992047d6f17e4147800be406587377da9,SOURCE,SECONDARY_CANDIDATE_SCOPE_OWNER,SSA state-level raw file (state;sex;year;name;count); national-vs-state scope is an owner decision
USA-ST-TN,data/raw/names-usa/namesbystate/TN.TXT,TN.TXT,M+F,RAW_SOURCE,3234455,a330ba4afeadb4e9500549b1db8187b9638297ee5ace651b0fc20b2928e88932,SOURCE,SECONDARY_CANDIDATE_SCOPE_OWNER,SSA state-level raw file (state;sex;year;name;count); national-vs-state scope is an owner decision
USA-ST-TX,data/raw/names-usa/namesbystate/TX.TXT,TX.TXT,M+F,RAW_SOURCE,8223594,f25d49dc46d04586ee7a6bc90c91210e2abcc4083a927723af3bfe0b4b1e4035,SOURCE,SECONDARY_CANDIDATE_SCOPE_OWNER,SSA state-level raw file (state;sex;year;name;count); national-vs-state scope is an owner decision
USA-ST-UT,data/raw/names-usa/namesbystate/UT.TXT,UT.TXT,M+F,RAW_SOURCE,2037015,fd4d0fc3559c3d225d1e016d49b83f31d5d838d606f228bd59c14c2d8a96f175,SOURCE,SECONDARY_CANDIDATE_SCOPE_OWNER,SSA state-level raw file (state;sex;year;name;count); national-vs-state scope is an owner decision
USA-ST-VA,data/raw/names-usa/namesbystate/VA.TXT,VA.TXT,M+F,RAW_SOURCE,3396353,745224c69b022e65d83554da58197f3d079767ae686be0c3a8e0c4bd4ae99b28,SOURCE,SECONDARY_CANDIDATE_SCOPE_OWNER,SSA state-level raw file (state;sex;year;name;count); national-vs-state scope is an owner decision
USA-ST-VT,data/raw/names-usa/namesbystate/VT.TXT,VT.TXT,M+F,RAW_SOURCE,621646,82c8726856a88638d81da80a30c51a99676a405c97f4b2494d915e27decd514a,SOURCE,SECONDARY_CANDIDATE_SCOPE_OWNER,SSA state-level raw file (state;sex;year;name;count); national-vs-state scope is an owner decision
USA-ST-WA,data/raw/names-usa/namesbystate/WA.TXT,WA.TXT,M+F,RAW_SOURCE,2875507,bd4d5f8b75aa69e53a4cf51f9ceaf99605f56e7da6327178ed1bedfb6e610255,SOURCE,SECONDARY_CANDIDATE_SCOPE_OWNER,SSA state-level raw file (state;sex;year;name;count); national-vs-state scope is an owner decision
USA-ST-WI,data/raw/names-usa/namesbystate/WI.TXT,WI.TXT,M+F,RAW_SOURCE,2650591,1b73fac9c99c3f46bfd8146fdac81ef9019189175c45661fe7751a3571ce9c3f,SOURCE,SECONDARY_CANDIDATE_SCOPE_OWNER,SSA state-level raw file (state;sex;year;name;count); national-vs-state scope is an owner decision
USA-ST-WV,data/raw/names-usa/namesbystate/WV.TXT,WV.TXT,M+F,RAW_SOURCE,1684079,d21a2419bf9ca46ab319c8a8d2f8ca4a15cf99c91c7b48521f0a52fd13e03594,SOURCE,SECONDARY_CANDIDATE_SCOPE_OWNER,SSA state-level raw file (state;sex;year;name;count); national-vs-state scope is an owner decision
USA-ST-WY,data/raw/names-usa/namesbystate/WY.TXT,WY.TXT,M+F,RAW_SOURCE,598486,47425fe9e30fa63b2a5a34eb922c674b14eed8f5db87f77610f50be11f9fe6e4,SOURCE,SECONDARY_CANDIDATE_SCOPE_OWNER,SSA state-level raw file (state;sex;year;name;count); national-vs-state scope is an owner decision
USA-TR-PR,data/raw/names-usa/namesbyterritory/PR.TXT,PR.TXT,M+F,RAW_SOURCE,517070,3e3e56b7f81925b463ea67184b0359e46cc01feb9f9c38671cc09d04815c0af1,SOURCE,SECONDARY_CANDIDATE_SCOPE_OWNER,SSA territory-level raw file; scope owner decision
USA-TR-TR,data/raw/names-usa/namesbyterritory/TR.TXT,TR.TXT,M+F,RAW_SOURCE,66272,ac491b2b236f11cad369dbeda2d40f84e6d7e857fbc3d2b26a371f2785520b9e,SOURCE,SECONDARY_CANDIDATE_SCOPE_OWNER,SSA territory-level raw file; scope owner decision
DOC-NationalReadMe,data/raw/names-usa/national-data/NationalReadMe.pdf,NationalReadMe.pdf,n/a,DOCUMENTATION,105996,ff071b62b160ff23988fe4a86ad4159b9f566f64a8a9dd6832feb6e4a6626489,SOURCE,DOCUMENTATION_NOT_OPENED,SSA readme; hash custody only; content not opened in F1
DOC-StateReadMe,data/raw/names-usa/namesbystate/StateReadMe.pdf,StateReadMe.pdf,n/a,DOCUMENTATION,147860,853933cf93edfa376f87804e6eb866b1da2b1bb5fc943b208e77d206d1ce2b6a,SOURCE,DOCUMENTATION_NOT_OPENED,SSA readme; hash custody only; content not opened in F1
DOC-TerritoryReadMe,data/raw/names-usa/namesbyterritory/TerritoryReadMe.pdf,TerritoryReadMe.pdf,n/a,DOCUMENTATION,111061,da2816c942540711e8b1e4597c483004a270684c3b3710c1d7fd2ad0b7010141,SOURCE,DOCUMENTATION_NOT_OPENED,SSA readme; hash custody only; content not opened in F1
DER-USA-NATION,data/preprocessed/usa/names_usa_nation.parquet,names_usa_nation.parquet,M+F,DERIVED_PREPROCESSING_CANDIDATE,6146418,3b075e16c9a1ef6bf401ba0fcb4f4b5e83266c8b7fd65ccbdedd66576fa214cf,SEE_RECORD,DERIVED_CANDIDATE,apparent derivation from national yob files; builder ref notebooks/data-preprocessing-usa.ipynb; consumed by modules/usa/baby_names_usa_nation.py
DER-USA-STATES,data/preprocessed/usa/names_usa_states.parquet,names_usa_states.parquet,M+F,DERIVED_PREPROCESSING_CANDIDATE,20784188,bf0e48c715f9ffcd2f77e229343e89576f115e792baca3f573e3c5f212435c91,SEE_RECORD,SECONDARY_CANDIDATE_SCOPE_OWNER,derived state-level table; scope owner decision
GEO-USA-STATES,data/preprocessed/usa/usa_states_geo.parquet,usa_states_geo.parquet,n/a,GEO_NOT_NAME_DATA,52427,1a4630918821fae7530369d7677a95f4564ce5d39f0cd84edefad23cc5db46c6,SOURCE,NOT_A_CANDIDATE,geometry file; not name trajectory data
TR-01,data/preprocessed/population/most_common_baby_names_female.csv,most_common_baby_names_female.csv,varies,NON_SSA_NAME_DATA,992631,2f57b48123e9967f6f938559e0dae6b7f992618eb3dffc93842a8bc4d609b447,SOURCE,OUT_OF_SCOPE_NON_SSA,Turkiye (TUIK) name data; not SSA; content not opened in F1
TR-02,data/preprocessed/population/most_common_baby_names_male.csv,most_common_baby_names_male.csv,varies,NON_SSA_NAME_DATA,1023502,5bbbb9bda022639cda98f16600fe59a606ca76cb8636ebb7c042d83bb17b26b4,SOURCE,OUT_OF_SCOPE_NON_SSA,Turkiye (TUIK) name data; not SSA; content not opened in F1
TR-03,data/preprocessed/population/most_common_names_female.csv,most_common_names_female.csv,varies,NON_SSA_NAME_DATA,721974,8dc000698a380a934622ed68eab4d1a7b491ea899cfa9c83963c136f33533880,SOURCE,OUT_OF_SCOPE_NON_SSA,Turkiye (TUIK) name data; not SSA; content not opened in F1
TR-04,data/preprocessed/population/most_common_names_male.csv,most_common_names_male.csv,varies,NON_SSA_NAME_DATA,693523,f33cc63330e92b9393fdc82e73d9f9dd0bd417bb5fc48246993f28f8820ded74,SOURCE,OUT_OF_SCOPE_NON_SSA,Turkiye (TUIK) name data; not SSA; content not opened in F1
TR-05,data/preprocessed/population/most_common_surnames.csv,most_common_surnames.csv,varies,NON_SSA_NAME_DATA,621045,916b4e0749d52aceae464e51f66b3bc51571fe594d4c80b418138963387d82bc,SOURCE,OUT_OF_SCOPE_NON_SSA,Turkiye (TUIK) name data; not SSA; content not opened in F1
TR-06,data/preprocessed/population/names.csv,names.csv,varies,NON_SSA_NAME_DATA,1415447,81f2ed48f3c80acf545a3242604b847a065966985768097e67546405fc4eec26,SOURCE,OUT_OF_SCOPE_NON_SSA,Turkiye (TUIK) name data; not SSA; content not opened in F1
TR-07,data/preprocessed/population/names_baby.csv,names_baby.csv,varies,NON_SSA_NAME_DATA,1989380,dc9ef01aba0542ba1e1b5cf6b37e9baf4f8e4b4a6c5b20166671c79c2c8eadd1,SOURCE,OUT_OF_SCOPE_NON_SSA,Turkiye (TUIK) name data; not SSA; content not opened in F1
TR-08,data/preprocessed/population/names_baby_turkiye.parquet,names_baby_turkiye.parquet,varies,NON_SSA_NAME_DATA,146851,1397b3da696c5654c2862a7765026e01fd6bb87c2d7dff8a2f2257aaf80d8f23,SOURCE,OUT_OF_SCOPE_NON_SSA,Turkiye (TUIK) name data; not SSA; content not opened in F1
TR-09,data/preprocessed/population/names_turkiye.parquet,names_turkiye.parquet,varies,NON_SSA_NAME_DATA,160907,cd0da381992474d2534ba8f8dde2e55f95a065c85043c3a4ed12442c677d3050,SOURCE,OUT_OF_SCOPE_NON_SSA,Turkiye (TUIK) name data; not SSA; content not opened in F1
TR-10,data/preprocessed/population/surnames_turkiye.parquet,surnames_turkiye.parquet,varies,NON_SSA_NAME_DATA,91736,3c53dff1010b10b234aabb1fee549d3ed634910782a6424043d50302d3bccbce,SOURCE,OUT_OF_SCOPE_NON_SSA,Turkiye (TUIK) name data; not SSA; content not opened in F1
TR-11,data/raw/population/most_common_baby_names_female.xlsx,most_common_baby_names_female.xlsx,varies,NON_SSA_NAME_DATA,650529,26bdcd12ed71c48aba32df36002271a3c4575d6fa71d25ef7f079ae820666746,SOURCE,OUT_OF_SCOPE_NON_SSA,Turkiye (TUIK) name data; not SSA; content not opened in F1
TR-12,data/raw/population/most_common_baby_names_male.xlsx,most_common_baby_names_male.xlsx,varies,NON_SSA_NAME_DATA,670202,a28dff65be472cd64bdca281ed8cf417d8d1cc747f6d735396ebf6d663bc7391,SOURCE,OUT_OF_SCOPE_NON_SSA,Turkiye (TUIK) name data; not SSA; content not opened in F1
